numero,municipio,codigo.ibge,ano,valor
1,Abreu e Lima,2600054,2012,94989566.68
1,Abreu e Lima,2600054,2013,119323282.9
1,Abreu e Lima,2600054,2014,117812252.93
1,Abreu e Lima,2600054,2015,102815128.01
1,Abreu e Lima,2600054,2016,135456790.94
1,Abreu e Lima,2600054,2017,148882670.79
1,Abreu e Lima,2600054,2018,149863685.86
1,Abreu e Lima,2600054,2019,157965132.98
1,Abreu e Lima,2600054,2020,172232780.7
1,Abreu e Lima,2600054,2021,118149536.55
1,Abreu e Lima,2600054,2022,198890001.31
1,Abreu e Lima,2600054,2023,274849611.14
1,Abreu e Lima,2600054,2024,306098594.14
2,Afogados da Ingazeira,2600104,2012,55770065.56
2,Afogados da Ingazeira,2600104,2013,56769680.96
2,Afogados da Ingazeira,2600104,2014,66087027.46
2,Afogados da Ingazeira,2600104,2015,65748969.17
2,Afogados da Ingazeira,2600104,2016,72433739.13
2,Afogados da Ingazeira,2600104,2017,83567840.61
2,Afogados da Ingazeira,2600104,2018,92517764.7
2,Afogados da Ingazeira,2600104,2019,95146381.7
2,Afogados da Ingazeira,2600104,2020,93702467.29
2,Afogados da Ingazeira,2600104,2021,121237658.81
2,Afogados da Ingazeira,2600104,2022,155896639.67
2,Afogados da Ingazeira,2600104,2023,161775905.67
2,Afogados da Ingazeira,2600104,2024,187345784.47
3,Afrânio,2600203,2012,24965661.93
3,Afrânio,2600203,2013,32358864.03
3,Afrânio,2600203,2014,37352506.35
3,Afrânio,2600203,2015,37466134.87
3,Afrânio,2600203,2016,46175366.92
3,Afrânio,2600203,2017,43463767.74
3,Afrânio,2600203,2018,44390921.91
3,Afrânio,2600203,2019,51230718.29
3,Afrânio,2600203,2020,58868708.25
3,Afrânio,2600203,2021,56023340.95
3,Afrânio,2600203,2022,83920636.43
3,Afrânio,2600203,2023,85826170.5
3,Afrânio,2600203,2024,108942588.64
4,Agrestina,2600302,2012,10883602.05
4,Agrestina,2600302,2013,13635796.38
4,Agrestina,2600302,2014,48374565.27
4,Agrestina,2600302,2015,53886773.44
4,Agrestina,2600302,2016,65744612.59
4,Agrestina,2600302,2017,59029464.17
4,Agrestina,2600302,2018,76187067.65
4,Agrestina,2600302,2019,84307560.16
4,Agrestina,2600302,2020,101018290.76
4,Agrestina,2600302,2021,91919121
4,Agrestina,2600302,2022,113651124.69
4,Agrestina,2600302,2023,136430940.49
4,Agrestina,2600302,2024,158047187.31
5,Água Preta,2600401,2012,14276631.84
5,Água Preta,2600401,2013,13004717.74
5,Água Preta,2600401,2014,24941312.93
5,Água Preta,2600401,2015,57856468.54
5,Água Preta,2600401,2016,63568962.54
5,Água Preta,2600401,2017,66073623.51
5,Água Preta,2600401,2018,73407578.36
5,Água Preta,2600401,2019,74924714.52
5,Água Preta,2600401,2020,84758629.52
5,Água Preta,2600401,2021,84270099.13
5,Água Preta,2600401,2022,112920520.46
5,Água Preta,2600401,2023,118529102.85
5,Água Preta,2600401,2024,137524457.09
6,Águas Belas,2600500,2012,61786819.14
6,Águas Belas,2600500,2013,65026535.32
6,Águas Belas,2600500,2014,69824774.61
6,Águas Belas,2600500,2015,72665106.44
6,Águas Belas,2600500,2016,71628544.78
6,Águas Belas,2600500,2017,81990365.81
6,Águas Belas,2600500,2018,89794812.21
6,Águas Belas,2600500,2019,93165330.47
6,Águas Belas,2600500,2020,104570471.5
6,Águas Belas,2600500,2021,114750666.42
6,Águas Belas,2600500,2022,148617133.97
6,Águas Belas,2600500,2023,167921800.11
6,Águas Belas,2600500,2024,142527987.89
7,Alagoinha,2600609,2012,6291892.29
7,Alagoinha,2600609,2013,4560439.92
7,Alagoinha,2600609,2014,30227833.22
7,Alagoinha,2600609,2015,30394286.01
7,Alagoinha,2600609,2016,27826369.57
7,Alagoinha,2600609,2017,34348500.55
7,Alagoinha,2600609,2018,36348133.59
7,Alagoinha,2600609,2019,39785036.4
7,Alagoinha,2600609,2020,43837139.76
7,Alagoinha,2600609,2021,49229321.12
7,Alagoinha,2600609,2022,64223684.26
7,Alagoinha,2600609,2023,69771817.4
7,Alagoinha,2600609,2024,77710164.4
8,Aliança,2600708,2012,49091311.43
8,Aliança,2600708,2013,53777870.96
8,Aliança,2600708,2014,65965576.68
8,Aliança,2600708,2015,64339040.15
8,Aliança,2600708,2016,70177001.37
8,Aliança,2600708,2017,78212999.25
8,Aliança,2600708,2018,83338547.93
8,Aliança,2600708,2019,89908128.2
8,Aliança,2600708,2020,92972194.16
8,Aliança,2600708,2021,108819755.75
8,Aliança,2600708,2022,141350567.5
8,Aliança,2600708,2023,158029303.26
8,Aliança,2600708,2024,173596345.07
9,Altinho,2600807,2012,16052024.03
9,Altinho,2600807,2013,28683985.03
9,Altinho,2600807,2014,29217988.54
9,Altinho,2600807,2015,39833042.21
9,Altinho,2600807,2016,34137121.95
9,Altinho,2600807,2017,43261374.87
9,Altinho,2600807,2018,58520782.67
9,Altinho,2600807,2019,48068145.18
9,Altinho,2600807,2020,51248993.41
9,Altinho,2600807,2021,61220416.39
9,Altinho,2600807,2022,69502817.73
9,Altinho,2600807,2023,81886378.02
9,Altinho,2600807,2024,96369376.11
10,Amaraji,2600906,2012,18965344.27
10,Amaraji,2600906,2013,22640393.73
10,Amaraji,2600906,2014,49563382.2
10,Amaraji,2600906,2015,51894820.76
10,Amaraji,2600906,2016,52189733.88
10,Amaraji,2600906,2017,43804312.47
10,Amaraji,2600906,2018,47573578.21
10,Amaraji,2600906,2019,53729047.11
10,Amaraji,2600906,2020,60334053.35
10,Amaraji,2600906,2021,70336281.91
10,Amaraji,2600906,2022,85185658.62
10,Amaraji,2600906,2023,94018912.16
10,Amaraji,2600906,2024,97710533.42
11,Angelim,2601003,2012,17792097.02
11,Angelim,2601003,2013,20263946.53
11,Angelim,2601003,2014,23239534.08
11,Angelim,2601003,2015,23116523.42
11,Angelim,2601003,2016,30394959.7
11,Angelim,2601003,2017,17659279.53
11,Angelim,2601003,2018,33144376.05
11,Angelim,2601003,2019,35589662.37
11,Angelim,2601003,2020,37860096.1
11,Angelim,2601003,2021,40327313.35
11,Angelim,2601003,2022,56763258.26
11,Angelim,2601003,2023,56515938.96
11,Angelim,2601003,2024,59229910.97
12,Araçoiaba,2601052,2012,24834500.47
12,Araçoiaba,2601052,2013,13328675.39
12,Araçoiaba,2601052,2014,1960029.97
12,Araçoiaba,2601052,2015,33859603.3
12,Araçoiaba,2601052,2016,38634178.94
12,Araçoiaba,2601052,2017,40616340.85
12,Araçoiaba,2601052,2018,44167024.48
12,Araçoiaba,2601052,2019,45520220.68
12,Araçoiaba,2601052,2020,52397197.55
12,Araçoiaba,2601052,2021,59516324.52
12,Araçoiaba,2601052,2022,82579083.52
12,Araçoiaba,2601052,2023,83862276.66
12,Araçoiaba,2601052,2024,74191208.41
13,Araripina,2601102,2012,26183515.63
13,Araripina,2601102,2013,100700827.71
13,Araripina,2601102,2014,125074077.49
13,Araripina,2601102,2015,140661517.67
13,Araripina,2601102,2016,124850389.27
13,Araripina,2601102,2017,154878760.25
13,Araripina,2601102,2018,173210590.77
13,Araripina,2601102,2019,176155755.91
13,Araripina,2601102,2020,195878488.42
13,Araripina,2601102,2021,207380365.82
13,Araripina,2601102,2022,267971017.63
13,Araripina,2601102,2023,303646901.45
13,Araripina,2601102,2024,399996173.99
14,Arcoverde,2601201,2012,42523244.12
14,Arcoverde,2601201,2013,25086861.62
14,Arcoverde,2601201,2014,102710173.63
14,Arcoverde,2601201,2015,125779298.26
14,Arcoverde,2601201,2016,130752013.11
14,Arcoverde,2601201,2017,139856028.07
14,Arcoverde,2601201,2018,149086022.77
14,Arcoverde,2601201,2019,161175792.5
14,Arcoverde,2601201,2020,207074044.62
14,Arcoverde,2601201,2021,202424469.05
14,Arcoverde,2601201,2022,238057728.87
14,Arcoverde,2601201,2023,269884443.84
14,Arcoverde,2601201,2024,265097176.15
15,Barra de Guabiraba,2601300,2012,21140503.15
15,Barra de Guabiraba,2601300,2013,20343882.23
15,Barra de Guabiraba,2601300,2014,18254234.68
15,Barra de Guabiraba,2601300,2015,29326455.15
15,Barra de Guabiraba,2601300,2016,30487925.81
15,Barra de Guabiraba,2601300,2017,33691237.15
15,Barra de Guabiraba,2601300,2018,36845658.73
15,Barra de Guabiraba,2601300,2019,36977775.31
15,Barra de Guabiraba,2601300,2020,41803079.18
15,Barra de Guabiraba,2601300,2021,46273252.65
15,Barra de Guabiraba,2601300,2022,57580339.02
15,Barra de Guabiraba,2601300,2023,65453371
15,Barra de Guabiraba,2601300,2024,72686180.46
16,Barreiros,2601409,2012,55044581.48
16,Barreiros,2601409,2013,5708386.55
16,Barreiros,2601409,2014,79941302.61
16,Barreiros,2601409,2015,81649446.38
16,Barreiros,2601409,2016,83715085.75
16,Barreiros,2601409,2017,90682531.8
16,Barreiros,2601409,2018,76426678.31
16,Barreiros,2601409,2019,93165868.63
16,Barreiros,2601409,2020,112270366.69
16,Barreiros,2601409,2021,113197860.34
16,Barreiros,2601409,2022,152987027.17
16,Barreiros,2601409,2023,171863752.72
16,Barreiros,2601409,2024,201471817.26
17,Belém de Maria,2601508,2012,18184136.77
17,Belém de Maria,2601508,2013,22356507.94
17,Belém de Maria,2601508,2014,24627889.47
17,Belém de Maria,2601508,2015,23413093.01
17,Belém de Maria,2601508,2016,21507319.9
17,Belém de Maria,2601508,2017,27685469.38
17,Belém de Maria,2601508,2018,31555141.94
17,Belém de Maria,2601508,2019,30947397.72
17,Belém de Maria,2601508,2020,34980655.88
17,Belém de Maria,2601508,2021,39582900.64
17,Belém de Maria,2601508,2022,45286043.5
17,Belém de Maria,2601508,2023,50415549.58
17,Belém de Maria,2601508,2024,63015278.85
18,Belém do São Francisco,2601607,2012,32173903.78
18,Belém do São Francisco,2601607,2013,32785346.76
18,Belém do São Francisco,2601607,2014,33895274.23
18,Belém do São Francisco,2601607,2015,37763384.43
18,Belém do São Francisco,2601607,2016,40758752.4
18,Belém do São Francisco,2601607,2017,50865008.69
18,Belém do São Francisco,2601607,2018,53091397.84
18,Belém do São Francisco,2601607,2019,55553252.48
18,Belém do São Francisco,2601607,2020,72305631.95
18,Belém do São Francisco,2601607,2021,64506973.72
18,Belém do São Francisco,2601607,2022,83711271.05
18,Belém do São Francisco,2601607,2023,92343798.68
18,Belém do São Francisco,2601607,2024,108807448
19,Belo Jardim,2601706,2012,32081659.09
19,Belo Jardim,2601706,2013,13905101.58
19,Belo Jardim,2601706,2014,128345561.39
19,Belo Jardim,2601706,2015,120315255.4
19,Belo Jardim,2601706,2016,151345259.26
19,Belo Jardim,2601706,2017,132364592.26
19,Belo Jardim,2601706,2018,195402553.07
19,Belo Jardim,2601706,2019,179635634.8
19,Belo Jardim,2601706,2020,182044974.5
19,Belo Jardim,2601706,2021,184873612.37
19,Belo Jardim,2601706,2022,248004090.26
19,Belo Jardim,2601706,2023,263740848
19,Belo Jardim,2601706,2024,329901079
20,Betânia,2601805,2012,23191392.98
20,Betânia,2601805,2013,23240867.15
20,Betânia,2601805,2014,19140492.55
20,Betânia,2601805,2015,27187999.2
20,Betânia,2601805,2016,27585293.21
20,Betânia,2601805,2017,30388583.64
20,Betânia,2601805,2018,34381253.01
20,Betânia,2601805,2019,35684728.25
20,Betânia,2601805,2020,41556370.64
20,Betânia,2601805,2021,43703173.61
20,Betânia,2601805,2022,60648638.5
20,Betânia,2601805,2023,70741784.35
20,Betânia,2601805,2024,81291308.01
21,Bezerros,2601904,2012,13906657.92
21,Bezerros,2601904,2013,7378090.57
21,Bezerros,2601904,2014,44561131.72
21,Bezerros,2601904,2015,97520350.89
21,Bezerros,2601904,2016,99263421.07
21,Bezerros,2601904,2017,120740675.06
21,Bezerros,2601904,2018,125351992.93
21,Bezerros,2601904,2019,132214317.25
21,Bezerros,2601904,2020,139256013.16
21,Bezerros,2601904,2021,145301131.22
21,Bezerros,2601904,2022,186013004.01
21,Bezerros,2601904,2023,214221768.83
21,Bezerros,2601904,2024,234969857.66
22,Bodocó,2602001,2012,55017129.51
22,Bodocó,2602001,2013,47598602.06
22,Bodocó,2602001,2014,68003322.29
22,Bodocó,2602001,2015,65631586.44
22,Bodocó,2602001,2016,65654280.4
22,Bodocó,2602001,2017,72529035.58
22,Bodocó,2602001,2018,81714467.85
22,Bodocó,2602001,2019,89573918.92
22,Bodocó,2602001,2020,92444195.29
22,Bodocó,2602001,2021,91727921.11
22,Bodocó,2602001,2022,129175636.7
22,Bodocó,2602001,2023,149589507.77
22,Bodocó,2602001,2024,168199169.73
23,Bom Conselho,2602100,2012,22423061.16
23,Bom Conselho,2602100,2013,41170197.98
23,Bom Conselho,2602100,2014,38074377.76
23,Bom Conselho,2602100,2015,77652697.38
23,Bom Conselho,2602100,2016,86265665.8
23,Bom Conselho,2602100,2017,104326382.12
23,Bom Conselho,2602100,2018,116673502.86
23,Bom Conselho,2602100,2019,120268966.17
23,Bom Conselho,2602100,2020,118548908.89
23,Bom Conselho,2602100,2021,127247700.52
23,Bom Conselho,2602100,2022,157659365.49
23,Bom Conselho,2602100,2023,174360183.67
23,Bom Conselho,2602100,2024,239121132.3
24,Bom Jardim,2602209,2012,35244432.94
24,Bom Jardim,2602209,2013,49960734.91
24,Bom Jardim,2602209,2014,57643749.39
24,Bom Jardim,2602209,2015,61360887.04
24,Bom Jardim,2602209,2016,69135980.45
24,Bom Jardim,2602209,2017,72216546.3
24,Bom Jardim,2602209,2018,76539147.69
24,Bom Jardim,2602209,2019,82303995.61
24,Bom Jardim,2602209,2020,99989319.22
24,Bom Jardim,2602209,2021,101555936.63
24,Bom Jardim,2602209,2022,147514433.03
24,Bom Jardim,2602209,2023,144114188.85
24,Bom Jardim,2602209,2024,186361674.63
25,Bonito,2602308,2012,20048548.18
25,Bonito,2602308,2013,13943943.06
25,Bonito,2602308,2014,63551018.31
25,Bonito,2602308,2015,60781147.63
25,Bonito,2602308,2016,67184501.64
25,Bonito,2602308,2017,78754501.89
25,Bonito,2602308,2018,80718932.87
25,Bonito,2602308,2019,91962960.84
25,Bonito,2602308,2020,92313752.57
25,Bonito,2602308,2021,106378376.01
25,Bonito,2602308,2022,123647602.01
25,Bonito,2602308,2023,145660486.46
25,Bonito,2602308,2024,189357967.46
26,Brejão,2602407,2012,17524669.5
26,Brejão,2602407,2013,19691546.07
26,Brejão,2602407,2014,24979210.18
26,Brejão,2602407,2015,19982629.24
26,Brejão,2602407,2016,26999860.23
26,Brejão,2602407,2017,20368697.25
26,Brejão,2602407,2018,30953771.1
26,Brejão,2602407,2019,30721018.72
26,Brejão,2602407,2020,33756880
26,Brejão,2602407,2021,40896613.54
26,Brejão,2602407,2022,51488969.51
26,Brejão,2602407,2023,63740342.95
26,Brejão,2602407,2024,79570138.84
27,Brejinho,2602506,2012,14608684.98
27,Brejinho,2602506,2013,14365965.85
27,Brejinho,2602506,2014,18853793.26
27,Brejinho,2602506,2015,16325956.94
27,Brejinho,2602506,2016,17317918.06
27,Brejinho,2602506,2017,17528277.4
27,Brejinho,2602506,2018,23473853.9
27,Brejinho,2602506,2019,26217994.31
27,Brejinho,2602506,2020,31513650.18
27,Brejinho,2602506,2021,30962546.6
27,Brejinho,2602506,2022,4621108.5
27,Brejinho,2602506,2023,49117708.26
27,Brejinho,2602506,2024,75537729.85
28,Brejo da Madre de Deus,2602605,2012,63010256.75
28,Brejo da Madre de Deus,2602605,2013,62679231.76
28,Brejo da Madre de Deus,2602605,2014,72167473.51
28,Brejo da Madre de Deus,2602605,2015,53509222.2
28,Brejo da Madre de Deus,2602605,2016,100048582.88
28,Brejo da Madre de Deus,2602605,2017,99169223.13
28,Brejo da Madre de Deus,2602605,2018,103205033.59
28,Brejo da Madre de Deus,2602605,2019,106335290.5
28,Brejo da Madre de Deus,2602605,2020,115801486.6
28,Brejo da Madre de Deus,2602605,2021,107447026.16
28,Brejo da Madre de Deus,2602605,2022,167655607.75
28,Brejo da Madre de Deus,2602605,2023,186591987.75
28,Brejo da Madre de Deus,2602605,2024,221186611.41
29,Buenos Aires,2602704,2012,19049223.6
29,Buenos Aires,2602704,2013,21251640.46
29,Buenos Aires,2602704,2014,23292432.83
29,Buenos Aires,2602704,2015,23358995.32
29,Buenos Aires,2602704,2016,25347146.66
29,Buenos Aires,2602704,2017,25551952.23
29,Buenos Aires,2602704,2018,31527748.68
29,Buenos Aires,2602704,2019,32744050.84
29,Buenos Aires,2602704,2020,35626505.77
29,Buenos Aires,2602704,2021,38193127.32
29,Buenos Aires,2602704,2022,54593917.62
29,Buenos Aires,2602704,2023,62662565.68
29,Buenos Aires,2602704,2024,78465825.86
30,Buíque,2602803,2012,63452324.92
30,Buíque,2602803,2013,68812931.71
30,Buíque,2602803,2014,76302247.57
30,Buíque,2602803,2015,81576883.6
30,Buíque,2602803,2016,86411199.74
30,Buíque,2602803,2017,100464127.09
30,Buíque,2602803,2018,105796841.25
30,Buíque,2602803,2019,113571356.52
30,Buíque,2602803,2020,127998558.98
30,Buíque,2602803,2021,138319207.4
30,Buíque,2602803,2022,170536770.8
30,Buíque,2602803,2023,188290098.54
30,Buíque,2602803,2024,210854306.08
31,Cabo de Santo Agostinho,2602902,2012,130397779.42
31,Cabo de Santo Agostinho,2602902,2013,148342448.84
31,Cabo de Santo Agostinho,2602902,2014,520251406.28
31,Cabo de Santo Agostinho,2602902,2015,503091739.48
31,Cabo de Santo Agostinho,2602902,2016,539661814.77
31,Cabo de Santo Agostinho,2602902,2017,588543880.73
31,Cabo de Santo Agostinho,2602902,2018,717824629.67
31,Cabo de Santo Agostinho,2602902,2019,770139099.36
31,Cabo de Santo Agostinho,2602902,2020,768418106.88
31,Cabo de Santo Agostinho,2602902,2021,846218030.03
31,Cabo de Santo Agostinho,2602902,2022,1140434818.47
31,Cabo de Santo Agostinho,2602902,2023,1067651303.18
31,Cabo de Santo Agostinho,2602902,2024,1215503241.39
32,Cabrobó,2603009,2012,52860510.47
32,Cabrobó,2603009,2013,55269632.53
32,Cabrobó,2603009,2014,67639246.58
32,Cabrobó,2603009,2015,67662606
32,Cabrobó,2603009,2016,71018552.43
32,Cabrobó,2603009,2017,75890976.9
32,Cabrobó,2603009,2018,78616491.2
32,Cabrobó,2603009,2019,78205798.79
32,Cabrobó,2603009,2020,81772833.21
32,Cabrobó,2603009,2021,92963428.84
32,Cabrobó,2603009,2022,124615277.89
32,Cabrobó,2603009,2023,149054062.52
32,Cabrobó,2603009,2024,
33,Cachoeirinha,2603108,2012,16167062.91
33,Cachoeirinha,2603108,2013,24656795.3
33,Cachoeirinha,2603108,2014,29794155.66
33,Cachoeirinha,2603108,2015,16833233.44
33,Cachoeirinha,2603108,2016,37010164.57
33,Cachoeirinha,2603108,2017,37462777.05
33,Cachoeirinha,2603108,2018,42577491.78
33,Cachoeirinha,2603108,2019,43491041.55
33,Cachoeirinha,2603108,2020,47365388.56
33,Cachoeirinha,2603108,2021,49506376.62
33,Cachoeirinha,2603108,2022,72154936.64
33,Cachoeirinha,2603108,2023,75226658.51
33,Cachoeirinha,2603108,2024,86652034.95
34,Caetés,2603207,2012,30792129.81
34,Caetés,2603207,2013,41285879.98
34,Caetés,2603207,2014,48061149.17
34,Caetés,2603207,2015,50443037.75
34,Caetés,2603207,2016,58882669.75
34,Caetés,2603207,2017,57596402.69
34,Caetés,2603207,2018,60808279.04
34,Caetés,2603207,2019,66668403.29
34,Caetés,2603207,2020,77100565.32
34,Caetés,2603207,2021,83119369
34,Caetés,2603207,2022,102850341.29
34,Caetés,2603207,2023,114463853.34
34,Caetés,2603207,2024,132525881.09
35,Calçado,2603306,2012,17733296.21
35,Calçado,2603306,2013,23609373.67
35,Calçado,2603306,2014,23927797.31
35,Calçado,2603306,2015,27689768.8
35,Calçado,2603306,2016,29785295.43
35,Calçado,2603306,2017,32840742.56
35,Calçado,2603306,2018,34953207.51
35,Calçado,2603306,2019,36389981.5
35,Calçado,2603306,2020,39068043.51
35,Calçado,2603306,2021,43521307.24
35,Calçado,2603306,2022,53336218.65
35,Calçado,2603306,2023,10079970.86
35,Calçado,2603306,2024,66457804.38
36,Calumbi,2603405,2012,13738862.18
36,Calumbi,2603405,2013,14842991.64
36,Calumbi,2603405,2014,14622240.28
36,Calumbi,2603405,2015,15814911.69
36,Calumbi,2603405,2016,14970062.65
36,Calumbi,2603405,2017,16675410.42
36,Calumbi,2603405,2018,16018124.32
36,Calumbi,2603405,2019,23875713.59
36,Calumbi,2603405,2020,27818482.7
36,Calumbi,2603405,2021,29543910.91
36,Calumbi,2603405,2022,38637395.68
36,Calumbi,2603405,2023,45925770.09
36,Calumbi,2603405,2024,50362201.51
37,Camaragibe,2603454,2012,167864421.26
37,Camaragibe,2603454,2013,164874705.95
37,Camaragibe,2603454,2014,193894304.79
37,Camaragibe,2603454,2015,214548016.55
37,Camaragibe,2603454,2016,160556135.57
37,Camaragibe,2603454,2017,259029720.52
37,Camaragibe,2603454,2018,290752315.85
37,Camaragibe,2603454,2019,151045906.11
37,Camaragibe,2603454,2020,307584248.23
37,Camaragibe,2603454,2021,338325711.49
37,Camaragibe,2603454,2022,423773447.81
37,Camaragibe,2603454,2023,427533882.7
37,Camaragibe,2603454,2024,549383095.11
38,Camocim de São Félix,2603504,2012,25443597.87
38,Camocim de São Félix,2603504,2013,26325576.96
38,Camocim de São Félix,2603504,2014,37904461.21
38,Camocim de São Félix,2603504,2015,33619873.9
38,Camocim de São Félix,2603504,2016,35985153.58
38,Camocim de São Félix,2603504,2017,35973411.43
38,Camocim de São Félix,2603504,2018,37055593.41
38,Camocim de São Félix,2603504,2019,40221417.04
38,Camocim de São Félix,2603504,2020,46149948.9
38,Camocim de São Félix,2603504,2021,45741809.44
38,Camocim de São Félix,2603504,2022,65966808.33
38,Camocim de São Félix,2603504,2023,67678864.92
38,Camocim de São Félix,2603504,2024,82185338.5
39,Camutanga,2603603,2012,11489563.33
39,Camutanga,2603603,2013,22847350.41
39,Camutanga,2603603,2014,24876334.26
39,Camutanga,2603603,2015,25543422.75
39,Camutanga,2603603,2016,28401518.35
39,Camutanga,2603603,2017,30047053.39
39,Camutanga,2603603,2018,30631378.05
39,Camutanga,2603603,2019,31690794.52
39,Camutanga,2603603,2020,34621264.26
39,Camutanga,2603603,2021,31154071.15
39,Camutanga,2603603,2022,42412707.67
39,Camutanga,2603603,2023,21461239.61
39,Camutanga,2603603,2024,23216582.77
40,Canhotinho,2603702,2012,9733220.64
40,Canhotinho,2603702,2013,13138795.22
40,Canhotinho,2603702,2014,45818281.96
40,Canhotinho,2603702,2015,46078176.06
40,Canhotinho,2603702,2016,47767769.63
40,Canhotinho,2603702,2017,55401682.74
40,Canhotinho,2603702,2018,57991475.2
40,Canhotinho,2603702,2019,66603210.98
40,Canhotinho,2603702,2020,75790975.77
40,Canhotinho,2603702,2021,74694951.6
40,Canhotinho,2603702,2022,100240569.81
40,Canhotinho,2603702,2023,106593011.44
40,Canhotinho,2603702,2024,115971144.12
41,Capoeiras,2603801,2012,7817712.1
41,Capoeiras,2603801,2013,38119149.65
41,Capoeiras,2603801,2014,42730675.21
41,Capoeiras,2603801,2015,45769488.79
41,Capoeiras,2603801,2016,49836887.98
41,Capoeiras,2603801,2017,46457880.04
41,Capoeiras,2603801,2018,49868012.95
41,Capoeiras,2603801,2019,54008864.87
41,Capoeiras,2603801,2020,53817757.26
41,Capoeiras,2603801,2021,61884167.47
41,Capoeiras,2603801,2022,78665489.05
41,Capoeiras,2603801,2023,91824971.09
41,Capoeiras,2603801,2024,111363215.59
42,Carnaíba,2603900,2012,28793380.6
42,Carnaíba,2603900,2013,36006169.96
42,Carnaíba,2603900,2014,39318904.59
42,Carnaíba,2603900,2015,36688607.98
42,Carnaíba,2603900,2016,42537467.9
42,Carnaíba,2603900,2017,41096404.14
42,Carnaíba,2603900,2018,50497917.37
42,Carnaíba,2603900,2019,50350130.44
42,Carnaíba,2603900,2020,52750209.87
42,Carnaíba,2603900,2021,62768345.22
42,Carnaíba,2603900,2022,79614387.71
42,Carnaíba,2603900,2023,89596781.47
42,Carnaíba,2603900,2024,118950851.13
43,Carnaubeira da Penha,2603926,2012,10397517.41
43,Carnaubeira da Penha,2603926,2013,18682688.36
43,Carnaubeira da Penha,2603926,2014,26048943.86
43,Carnaubeira da Penha,2603926,2015,23970826.01
43,Carnaubeira da Penha,2603926,2016,15911749.41
43,Carnaubeira da Penha,2603926,2017,26429033.23
43,Carnaubeira da Penha,2603926,2018,27425764.11
43,Carnaubeira da Penha,2603926,2019,30936750.06
43,Carnaubeira da Penha,2603926,2020,32792110.21
43,Carnaubeira da Penha,2603926,2021,36268744.17
43,Carnaubeira da Penha,2603926,2022,49615960.76
43,Carnaubeira da Penha,2603926,2023,54552975.64
43,Carnaubeira da Penha,2603926,2024,61461543.62
44,Carpina,2604007,2012,82707234.7
44,Carpina,2604007,2013,103849743.37
44,Carpina,2604007,2014,99513374.41
44,Carpina,2604007,2015,117438881.46
44,Carpina,2604007,2016,121032498.74
44,Carpina,2604007,2017,127204307.77
44,Carpina,2604007,2018,143666614.03
44,Carpina,2604007,2019,154522794.62
44,Carpina,2604007,2020,161199166.4
44,Carpina,2604007,2021,190121687.22
44,Carpina,2604007,2022,237927473.69
44,Carpina,2604007,2023,267720392.07
44,Carpina,2604007,2024,298341247.88
45,Caruaru,2604106,2012,170625166.89
45,Caruaru,2604106,2013,50627793.38
45,Caruaru,2604106,2014,523620927.17
45,Caruaru,2604106,2015,547839524.03
45,Caruaru,2604106,2016,577032865.82
45,Caruaru,2604106,2017,630896955.34
45,Caruaru,2604106,2018,771717310
45,Caruaru,2604106,2019,874103097.7
45,Caruaru,2604106,2020,894965439.51
45,Caruaru,2604106,2021,969331018.66
45,Caruaru,2604106,2022,1290774265.92
45,Caruaru,2604106,2023,1436151018.95
45,Caruaru,2604106,2024,1638158673.03
46,Casinhas,2604155,2012,24137978.26
46,Casinhas,2604155,2013,26371608.68
46,Casinhas,2604155,2014,30212494.97
46,Casinhas,2604155,2015,27661589.19
46,Casinhas,2604155,2016,26375836.24
46,Casinhas,2604155,2017,35000433.81
46,Casinhas,2604155,2018,37841776.12
46,Casinhas,2604155,2019,37892831.47
46,Casinhas,2604155,2020,42248695.68
46,Casinhas,2604155,2021,45924929.4
46,Casinhas,2604155,2022,59426912.56
46,Casinhas,2604155,2023,70949092.49
46,Casinhas,2604155,2024,96232717.58
47,Catende,2604205,2012,20464277.76
47,Catende,2604205,2013,9883571.27
47,Catende,2604205,2014,56664068.23
47,Catende,2604205,2015,56602021.11
47,Catende,2604205,2016,65718708.46
47,Catende,2604205,2017,78625142.44
47,Catende,2604205,2018,75729847.05
47,Catende,2604205,2019,68300817.81
47,Catende,2604205,2020,80006036.24
47,Catende,2604205,2021,85845801.37
47,Catende,2604205,2022,114423125.05
47,Catende,2604205,2023,127412128.21
47,Catende,2604205,2024,142577747.6
48,Cedro,2604304,2012,19048768.24
48,Cedro,2604304,2013,22605963.82
48,Cedro,2604304,2014,24478883.11
48,Cedro,2604304,2015,26533989.32
48,Cedro,2604304,2016,28011941.55
48,Cedro,2604304,2017,29329569.09
48,Cedro,2604304,2018,31385211.82
48,Cedro,2604304,2019,32315153.45
48,Cedro,2604304,2020,35472498.97
48,Cedro,2604304,2021,41422633.7
48,Cedro,2604304,2022,51176008.22
48,Cedro,2604304,2023,51627435.84
48,Cedro,2604304,2024,62793831.5
49,Chã de Alegria,2604403,2012,19192035.71
49,Chã de Alegria,2604403,2013,21693718.85
49,Chã de Alegria,2604403,2014,25374415.28
49,Chã de Alegria,2604403,2015,25002113.04
49,Chã de Alegria,2604403,2016,24421987.96
49,Chã de Alegria,2604403,2017,28072591.78
49,Chã de Alegria,2604403,2018,31588170.31
49,Chã de Alegria,2604403,2019,32862548.09
49,Chã de Alegria,2604403,2020,36217779.49
49,Chã de Alegria,2604403,2021,37912823.67
49,Chã de Alegria,2604403,2022,53650967.09
49,Chã de Alegria,2604403,2023,55331786.99
49,Chã de Alegria,2604403,2024,72111713.03
50,Chã Grande,2604502,2012,29681940.73
50,Chã Grande,2604502,2013,36851513.86
50,Chã Grande,2604502,2014,44247111.83
50,Chã Grande,2604502,2015,42412838.43
50,Chã Grande,2604502,2016,45994773.35
50,Chã Grande,2604502,2017,50667165.29
50,Chã Grande,2604502,2018,57233682.65
50,Chã Grande,2604502,2019,62368568.98
50,Chã Grande,2604502,2020,64457000.1
50,Chã Grande,2604502,2021,71645284.44
50,Chã Grande,2604502,2022,99030116.53
50,Chã Grande,2604502,2023,118948566.62
50,Chã Grande,2604502,2024,146741998.91
51,Condado,2604601,2012,38475888.8
51,Condado,2604601,2013,38270248.62
51,Condado,2604601,2014,56428456.71
51,Condado,2604601,2015,41253049.07
51,Condado,2604601,2016,45582763.62
51,Condado,2604601,2017,50216657.6
51,Condado,2604601,2018,52862701.4
51,Condado,2604601,2019,59794483.59
51,Condado,2604601,2020,71572760.11
51,Condado,2604601,2021,74215244.57
51,Condado,2604601,2022,98342393.88
51,Condado,2604601,2023,108617571.31
51,Condado,2604601,2024,129056735.3
52,Correntes,2604700,2012,30637138.09
52,Correntes,2604700,2013,33819696.8
52,Correntes,2604700,2014,25172628.03
52,Correntes,2604700,2015,24666081.78
52,Correntes,2604700,2016,29775067.37
52,Correntes,2604700,2017,47974668.74
52,Correntes,2604700,2018,53640328
52,Correntes,2604700,2019,55532569.45
52,Correntes,2604700,2020,54762483.28
52,Correntes,2604700,2021,62139366.23
52,Correntes,2604700,2022,69731250.81
52,Correntes,2604700,2023,77464723.69
52,Correntes,2604700,2024,92280281.67
53,Cortês,2604809,2012,29619753.92
53,Cortês,2604809,2013,33200439.12
53,Cortês,2604809,2014,37914836.29
53,Cortês,2604809,2015,35988678.49
53,Cortês,2604809,2016,38761408.01
53,Cortês,2604809,2017,40793019.05
53,Cortês,2604809,2018,42336508.19
53,Cortês,2604809,2019,53688586.72
53,Cortês,2604809,2020,52824165.59
53,Cortês,2604809,2021,53804547.71
53,Cortês,2604809,2022,65223791.44
53,Cortês,2604809,2023,70227000.81
53,Cortês,2604809,2024,72232238.43
54,Cumaru,2604908,2012,32137474.31
54,Cumaru,2604908,2013,29030776.97
54,Cumaru,2604908,2014,30528524.59
54,Cumaru,2604908,2015,32873846.97
54,Cumaru,2604908,2016,30155149.3
54,Cumaru,2604908,2017,32657950.05
54,Cumaru,2604908,2018,34498906.38
54,Cumaru,2604908,2019,37936272.69
54,Cumaru,2604908,2020,44631617.82
54,Cumaru,2604908,2021,46053187.09
54,Cumaru,2604908,2022,64059385.8
54,Cumaru,2604908,2023,77344019.15
54,Cumaru,2604908,2024,100086374.44
55,Cupira,2605004,2012,23803477.46
55,Cupira,2605004,2013,90850.19
55,Cupira,2605004,2014,43568068.59
55,Cupira,2605004,2015,47428150.71
55,Cupira,2605004,2016,53894077.93
55,Cupira,2605004,2017,45975092.82
55,Cupira,2605004,2018,53962360.22
55,Cupira,2605004,2019,54441511.57
55,Cupira,2605004,2020,63968098.27
55,Cupira,2605004,2021,73023498.2
55,Cupira,2605004,2022,88533972.21
55,Cupira,2605004,2023,108861863.68
55,Cupira,2605004,2024,127408826.72
56,Custódia,2605103,2012,61934178.83
56,Custódia,2605103,2013,14974190.23
56,Custódia,2605103,2014,28315972.85
56,Custódia,2605103,2015,64293548.59
56,Custódia,2605103,2016,59986408.11
56,Custódia,2605103,2017,77811279.36
56,Custódia,2605103,2018,94351649.23
56,Custódia,2605103,2019,94679193.5
56,Custódia,2605103,2020,106277658.67
56,Custódia,2605103,2021,115105435.16
56,Custódia,2605103,2022,197126236.22
56,Custódia,2605103,2023,203726177.07
56,Custódia,2605103,2024,203669173.77
57,Dormentes,2605152,2012,36825583.83
57,Dormentes,2605152,2013,32325631.78
57,Dormentes,2605152,2014,32652570.65
57,Dormentes,2605152,2015,35718577.43
57,Dormentes,2605152,2016,35229044.66
57,Dormentes,2605152,2017,45913726.59
57,Dormentes,2605152,2018,49501411.48
57,Dormentes,2605152,2019,52751827.24
57,Dormentes,2605152,2020,58788841.82
57,Dormentes,2605152,2021,61170735.09
57,Dormentes,2605152,2022,81346172.22
57,Dormentes,2605152,2023,100580926.12
57,Dormentes,2605152,2024,113663944.4
58,Escada,2605202,2012,54941072.6
58,Escada,2605202,2013,94994100.64
58,Escada,2605202,2014,57604415.05
58,Escada,2605202,2015,107177706.17
58,Escada,2605202,2016,118351068.67
58,Escada,2605202,2017,129606571.86
58,Escada,2605202,2018,128780493.93
58,Escada,2605202,2019,135037276.69
58,Escada,2605202,2020,145669657.14
58,Escada,2605202,2021,155843174.13
58,Escada,2605202,2022,191692910.68
58,Escada,2605202,2023,229782963.77
58,Escada,2605202,2024,235917009.14
59,Exu,2605301,2012,40703928.43
59,Exu,2605301,2013,49547448.86
59,Exu,2605301,2014,55305612.92
59,Exu,2605301,2015,56461850.48
59,Exu,2605301,2016,60832240.61
59,Exu,2605301,2017,66402779.55
59,Exu,2605301,2018,68104692.41
59,Exu,2605301,2019,74165691.68
59,Exu,2605301,2020,84400215.55
59,Exu,2605301,2021,91239633.09
59,Exu,2605301,2022,116478369.92
59,Exu,2605301,2023,144387859.85
59,Exu,2605301,2024,152393117.01
60,Feira Nova,2605400,2012,27309729.2
60,Feira Nova,2605400,2013,30083805.22
60,Feira Nova,2605400,2014,33091384.94
60,Feira Nova,2605400,2015,36265766.96
60,Feira Nova,2605400,2016,18958295.37
60,Feira Nova,2605400,2017,45079491.67
60,Feira Nova,2605400,2018,51533491.61
60,Feira Nova,2605400,2019,48638894.58
60,Feira Nova,2605400,2020,59497183.48
60,Feira Nova,2605400,2021,62311189.25
60,Feira Nova,2605400,2022,83730118.61
60,Feira Nova,2605400,2023,88187730.57
60,Feira Nova,2605400,2024,102210101.66
61,Fernando de Noronha,2605459,2012,
61,Fernando de Noronha,2605459,2013,
61,Fernando de Noronha,2605459,2014,
61,Fernando de Noronha,2605459,2015,
61,Fernando de Noronha,2605459,2016,
61,Fernando de Noronha,2605459,2017,
61,Fernando de Noronha,2605459,2018,
61,Fernando de Noronha,2605459,2019,
61,Fernando de Noronha,2605459,2020,
61,Fernando de Noronha,2605459,2021,
61,Fernando de Noronha,2605459,2022,
61,Fernando de Noronha,2605459,2023,
61,Fernando de Noronha,2605459,2024,
62,Ferreiros,2605509,2012,19566401.31
62,Ferreiros,2605509,2013,19722053.87
62,Ferreiros,2605509,2014,18520457.16
62,Ferreiros,2605509,2015,23552360.56
62,Ferreiros,2605509,2016,24862250.14
62,Ferreiros,2605509,2017,29626751.41
62,Ferreiros,2605509,2018,30220431.49
62,Ferreiros,2605509,2019,36196441.34
62,Ferreiros,2605509,2020,39634108.49
62,Ferreiros,2605509,2021,37890871.44
62,Ferreiros,2605509,2022,49081908.45
62,Ferreiros,2605509,2023,55313779.37
62,Ferreiros,2605509,2024,61750647.37
63,Flores,2605608,2012,18497049.06
63,Flores,2605608,2013,11918472.97
63,Flores,2605608,2014,35577787.78
63,Flores,2605608,2015,39150401.13
63,Flores,2605608,2016,41606493.69
63,Flores,2605608,2017,44750391.87
63,Flores,2605608,2018,47982502.06
63,Flores,2605608,2019,51358658
63,Flores,2605608,2020,57073197.76
63,Flores,2605608,2021,66754719.1
63,Flores,2605608,2022,85809265.71
63,Flores,2605608,2023,91087891.85
63,Flores,2605608,2024,121391536.69
64,Floresta,2605707,2012,23214265
64,Floresta,2605707,2013,18095188.64
64,Floresta,2605707,2014,62978804.23
64,Floresta,2605707,2015,71082089.39
64,Floresta,2605707,2016,73463394.82
64,Floresta,2605707,2017,74748814.3
64,Floresta,2605707,2018,89442884.53
64,Floresta,2605707,2019,86782380.81
64,Floresta,2605707,2020,85431714.68
64,Floresta,2605707,2021,103709242.25
64,Floresta,2605707,2022,146302970.77
64,Floresta,2605707,2023,144601793.9
64,Floresta,2605707,2024,123588514.44
65,Frei Miguelinho,2605806,2012,21498866.92
65,Frei Miguelinho,2605806,2013,21312567.48
65,Frei Miguelinho,2605806,2014,22848614.82
65,Frei Miguelinho,2605806,2015,26452994.66
65,Frei Miguelinho,2605806,2016,27026664.2
65,Frei Miguelinho,2605806,2017,
65,Frei Miguelinho,2605806,2018,30229116.7
65,Frei Miguelinho,2605806,2019,34696963.49
65,Frei Miguelinho,2605806,2020,38495870.11
65,Frei Miguelinho,2605806,2021,41754695.58
65,Frei Miguelinho,2605806,2022,53122526.57
65,Frei Miguelinho,2605806,2023,59103897.74
65,Frei Miguelinho,2605806,2024,64858153.3
66,Gameleira,2605905,2012,29259296.91
66,Gameleira,2605905,2013,40408158.12
66,Gameleira,2605905,2014,28091203.5
66,Gameleira,2605905,2015,41095840.6
66,Gameleira,2605905,2016,40529416.78
66,Gameleira,2605905,2017,43838111.84
66,Gameleira,2605905,2018,47920292.74
66,Gameleira,2605905,2019,49010015.29
66,Gameleira,2605905,2020,56224509.58
66,Gameleira,2605905,2021,64024910.28
66,Gameleira,2605905,2022,78390235.29
66,Gameleira,2605905,2023,85495658.33
66,Gameleira,2605905,2024,101910669.82
67,Garanhuns,2606002,2012,137152304.81
67,Garanhuns,2606002,2013,179039416.59
67,Garanhuns,2606002,2014,212850316.51
67,Garanhuns,2606002,2015,182702067.1
67,Garanhuns,2606002,2016,269424959.16
67,Garanhuns,2606002,2017,275266365.8
67,Garanhuns,2606002,2018,264883604.83
67,Garanhuns,2606002,2019,312935540.58
67,Garanhuns,2606002,2020,326894020.61
67,Garanhuns,2606002,2021,333521207.24
67,Garanhuns,2606002,2022,438409928.51
67,Garanhuns,2606002,2023,432000686.38
67,Garanhuns,2606002,2024,617716808.33
68,Glória do Goitá,2606101,2012,21702288.33
68,Glória do Goitá,2606101,2013,26382907.39
68,Glória do Goitá,2606101,2014,33546053.63
68,Glória do Goitá,2606101,2015,42565024.87
68,Glória do Goitá,2606101,2016,48078260.3
68,Glória do Goitá,2606101,2017,53976640.45
68,Glória do Goitá,2606101,2018,56678680.29
68,Glória do Goitá,2606101,2019,60537995.79
68,Glória do Goitá,2606101,2020,69445862.75
68,Glória do Goitá,2606101,2021,76580734.45
68,Glória do Goitá,2606101,2022,111192843.45
68,Glória do Goitá,2606101,2023,120306057.09
68,Glória do Goitá,2606101,2024,137562649.92
69,Goiana,2606200,2012,123694001.34
69,Goiana,2606200,2013,38799391.5
69,Goiana,2606200,2014,180771550.19
69,Goiana,2606200,2015,198667380.9
69,Goiana,2606200,2016,151657345.02
69,Goiana,2606200,2017,163383981.57
69,Goiana,2606200,2018,199715310.06
69,Goiana,2606200,2019,266222377.97
69,Goiana,2606200,2020,333757380.71
69,Goiana,2606200,2021,387224563.89
69,Goiana,2606200,2022,535888087.52
69,Goiana,2606200,2023,731410826.74
69,Goiana,2606200,2024,835426405.48
70,Granito,2606309,2012,17269104.19
70,Granito,2606309,2013,17153306.09
70,Granito,2606309,2014,18475336.28
70,Granito,2606309,2015,18649480.4
70,Granito,2606309,2016,16779162.63
70,Granito,2606309,2017,21303418.5
70,Granito,2606309,2018,25324879.14
70,Granito,2606309,2019,27403742.33
70,Granito,2606309,2020,27363336.14
70,Granito,2606309,2021,29960280.95
70,Granito,2606309,2022,42121783.11
70,Granito,2606309,2023,45063106.88
70,Granito,2606309,2024,55472466.75
71,Gravatá,2606408,2012,38691412.82
71,Gravatá,2606408,2013,118235572.75
71,Gravatá,2606408,2014,116963385.38
71,Gravatá,2606408,2015,125896924.79
71,Gravatá,2606408,2016,60005280.33
71,Gravatá,2606408,2017,143818060.44
71,Gravatá,2606408,2018,164240648.4
71,Gravatá,2606408,2019,178979271.96
71,Gravatá,2606408,2020,201152398.63
71,Gravatá,2606408,2021,220072229.55
71,Gravatá,2606408,2022,272135753.96
71,Gravatá,2606408,2023,326809155.18
71,Gravatá,2606408,2024,330347988.18
72,Iati,2606507,2012,35216422.71
72,Iati,2606507,2013,38195420.04
72,Iati,2606507,2014,39289854.01
72,Iati,2606507,2015,41614431.53
72,Iati,2606507,2016,48801986.9
72,Iati,2606507,2017,35638051.43
72,Iati,2606507,2018,55576582.36
72,Iati,2606507,2019,61963827.83
72,Iati,2606507,2020,69177407.14
72,Iati,2606507,2021,71786382.61
72,Iati,2606507,2022,88055653.59
72,Iati,2606507,2023,98803891.97
72,Iati,2606507,2024,118639860.17
73,Ibimirim,2606606,2012,20542061.21
73,Ibimirim,2606606,2013,42484163.45
73,Ibimirim,2606606,2014,43284625.82
73,Ibimirim,2606606,2015,48489964.87
73,Ibimirim,2606606,2016,48818542.04
73,Ibimirim,2606606,2017,53474750.63
73,Ibimirim,2606606,2018,54861546.5
73,Ibimirim,2606606,2019,60119462.18
73,Ibimirim,2606606,2020,66953079.51
73,Ibimirim,2606606,2021,71115124.1
73,Ibimirim,2606606,2022,100599522.83
73,Ibimirim,2606606,2023,99231113.77
73,Ibimirim,2606606,2024,122287330.34
74,Ibirajuba,2606705,2012,18519681.54
74,Ibirajuba,2606705,2013,16828387.04
74,Ibirajuba,2606705,2014,17879404.9
74,Ibirajuba,2606705,2015,18551819.29
74,Ibirajuba,2606705,2016,19796661.11
74,Ibirajuba,2606705,2017,23560165.05
74,Ibirajuba,2606705,2018,23913216.65
74,Ibirajuba,2606705,2019,26329672.47
74,Ibirajuba,2606705,2020,31419351.84
74,Ibirajuba,2606705,2021,31788310.02
74,Ibirajuba,2606705,2022,41669268.58
74,Ibirajuba,2606705,2023,48529851.37
74,Ibirajuba,2606705,2024,64161239.71
75,Igarassu,2606804,2012,99671604.27
75,Igarassu,2606804,2013,139206971.31
75,Igarassu,2606804,2014,133689516.27
75,Igarassu,2606804,2015,146830654.47
75,Igarassu,2606804,2016,178795496.18
75,Igarassu,2606804,2017,196313555.73
75,Igarassu,2606804,2018,231716846.8
75,Igarassu,2606804,2019,243905509.2
75,Igarassu,2606804,2020,258528477.94
75,Igarassu,2606804,2021,293613379.43
75,Igarassu,2606804,2022,380730253.45
75,Igarassu,2606804,2023,399194988.08
75,Igarassu,2606804,2024,446451608.1
76,Iguaraci,2606903,2012,14082795.35
76,Iguaraci,2606903,2013,18996096.16
76,Iguaraci,2606903,2014,21836874.48
76,Iguaraci,2606903,2015,25483143.91
76,Iguaraci,2606903,2016,27231090.91
76,Iguaraci,2606903,2017,28664457.17
76,Iguaraci,2606903,2018,31958826.87
76,Iguaraci,2606903,2019,36340222.03
76,Iguaraci,2606903,2020,38577426.43
76,Iguaraci,2606903,2021,43312314.96
76,Iguaraci,2606903,2022,57117858.1
76,Iguaraci,2606903,2023,57588688.28
76,Iguaraci,2606903,2024,83910059.22
77,Ilha de Itamaracá,2607604,2012,26927897.43
77,Ilha de Itamaracá,2607604,2013,36999401.77
77,Ilha de Itamaracá,2607604,2014,34315393.83
77,Ilha de Itamaracá,2607604,2015,47264107.35
77,Ilha de Itamaracá,2607604,2016,36346743.84
77,Ilha de Itamaracá,2607604,2017,67791420.69
77,Ilha de Itamaracá,2607604,2018,73306221.37
77,Ilha de Itamaracá,2607604,2019,61912301.8
77,Ilha de Itamaracá,2607604,2020,57573048.54
77,Ilha de Itamaracá,2607604,2021,81846261.56
77,Ilha de Itamaracá,2607604,2022,81259202.42
77,Ilha de Itamaracá,2607604,2023,89650380.23
77,Ilha de Itamaracá,2607604,2024,79256556.26
78,Inajá,2607000,2012,9056375.6
78,Inajá,2607000,2013,24424740.74
78,Inajá,2607000,2014,34058932.82
78,Inajá,2607000,2015,36374002.58
78,Inajá,2607000,2016,35795221.49
78,Inajá,2607000,2017,34324669.74
78,Inajá,2607000,2018,42812549.65
78,Inajá,2607000,2019,44832544.86
78,Inajá,2607000,2020,53192230.83
78,Inajá,2607000,2021,60212360.56
78,Inajá,2607000,2022,84908816.79
78,Inajá,2607000,2023,112984107.77
78,Inajá,2607000,2024,132668699.91
79,Ingazeira,2607109,2012,13021641.51
79,Ingazeira,2607109,2013,12685581.35
79,Ingazeira,2607109,2014,15676990.5
79,Ingazeira,2607109,2015,16285115.27
79,Ingazeira,2607109,2016,18935617.19
79,Ingazeira,2607109,2017,17293592.53
79,Ingazeira,2607109,2018,20661032.64
79,Ingazeira,2607109,2019,21739585.49
79,Ingazeira,2607109,2020,23649164.93
79,Ingazeira,2607109,2021,35672152.5
79,Ingazeira,2607109,2022,46514094.26
79,Ingazeira,2607109,2023,48620943.41
79,Ingazeira,2607109,2024,53980261.12
80,Ipojuca,2607208,2012,411756252.7
80,Ipojuca,2607208,2013,400083919.08
80,Ipojuca,2607208,2014,581396082.62
80,Ipojuca,2607208,2015,576261194.35
80,Ipojuca,2607208,2016,634517649.12
80,Ipojuca,2607208,2017,673583529.13
80,Ipojuca,2607208,2018,797238855.93
80,Ipojuca,2607208,2019,783667290.97
80,Ipojuca,2607208,2020,817070303.06
80,Ipojuca,2607208,2021,859811059.37
80,Ipojuca,2607208,2022,1129462430.72
80,Ipojuca,2607208,2023,1415349390.15
80,Ipojuca,2607208,2024,1648975695.09
81,Ipubi,2607307,2012,29981292.3
81,Ipubi,2607307,2013,42567582.06
81,Ipubi,2607307,2014,55721337.84
81,Ipubi,2607307,2015,58675614.01
81,Ipubi,2607307,2016,28536901.54
81,Ipubi,2607307,2017,62399130.73
81,Ipubi,2607307,2018,69832021.49
81,Ipubi,2607307,2019,75475669.07
81,Ipubi,2607307,2020,92032282.74
81,Ipubi,2607307,2021,96097943.72
81,Ipubi,2607307,2022,137448341.84
81,Ipubi,2607307,2023,157057385.12
81,Ipubi,2607307,2024,132943544.62
82,Itacuruba,2607406,2012,25453092.63
82,Itacuruba,2607406,2013,25875888.47
82,Itacuruba,2607406,2014,25126542.01
82,Itacuruba,2607406,2015,16709595.92
82,Itacuruba,2607406,2016,20956179.99
82,Itacuruba,2607406,2017,23072586.23
82,Itacuruba,2607406,2018,26036605.41
82,Itacuruba,2607406,2019,28915812.75
82,Itacuruba,2607406,2020,30964250.56
82,Itacuruba,2607406,2021,34951045.81
82,Itacuruba,2607406,2022,39265009.34
82,Itacuruba,2607406,2023,39667623.15
82,Itacuruba,2607406,2024,47904644.21
83,Itaíba,2607505,2012,47616461.44
83,Itaíba,2607505,2013,45235452.84
83,Itaíba,2607505,2014,50771077.87
83,Itaíba,2607505,2015,53063698.64
83,Itaíba,2607505,2016,50163260.18
83,Itaíba,2607505,2017,59177388.25
83,Itaíba,2607505,2018,62208105.61
83,Itaíba,2607505,2019,77686145.49
83,Itaíba,2607505,2020,81439643.8
83,Itaíba,2607505,2021,85560446.07
83,Itaíba,2607505,2022,112518878.97
83,Itaíba,2607505,2023,118453214.05
83,Itaíba,2607505,2024,142944806.81
84,Itambé,2607653,2012,43894467.59
84,Itambé,2607653,2013,38718802.46
84,Itambé,2607653,2014,58628626.15
84,Itambé,2607653,2015,60897759.22
84,Itambé,2607653,2016,10407335.27
84,Itambé,2607653,2017,65669679.51
84,Itambé,2607653,2018,70186346.79
84,Itambé,2607653,2019,82285525.28
84,Itambé,2607653,2020,90628097.93
84,Itambé,2607653,2021,96099742.68
84,Itambé,2607653,2022,119365092.93
84,Itambé,2607653,2023,89515435.77
84,Itambé,2607653,2024,149801401.14
85,Itapetim,2607703,2012,23260046.76
85,Itapetim,2607703,2013,19201726.46
85,Itapetim,2607703,2014,30562814.07
85,Itapetim,2607703,2015,31888951.06
85,Itapetim,2607703,2016,37781998.49
85,Itapetim,2607703,2017,28160052.64
85,Itapetim,2607703,2018,26557329.32
85,Itapetim,2607703,2019,40674325
85,Itapetim,2607703,2020,45127876.34
85,Itapetim,2607703,2021,52213218.73
85,Itapetim,2607703,2022,72424860.3
85,Itapetim,2607703,2023,75604653.01
85,Itapetim,2607703,2024,94974843.78
86,Itapissuma,2607752,2012,44649654.78
86,Itapissuma,2607752,2013,54822337.39
86,Itapissuma,2607752,2014,64577687.34
86,Itapissuma,2607752,2015,60940182.35
86,Itapissuma,2607752,2016,71787313.96
86,Itapissuma,2607752,2017,90655017.65
86,Itapissuma,2607752,2018,91915138.71
86,Itapissuma,2607752,2019,99074764.07
86,Itapissuma,2607752,2020,101352321.77
86,Itapissuma,2607752,2021,111200610.67
86,Itapissuma,2607752,2022,159849618.14
86,Itapissuma,2607752,2023,185196058.18
86,Itapissuma,2607752,2024,190310499.29
87,Itaquitinga,2607802,2012,
87,Itaquitinga,2607802,2013,
87,Itaquitinga,2607802,2014,
87,Itaquitinga,2607802,2015,
87,Itaquitinga,2607802,2016,
87,Itaquitinga,2607802,2017,33805934.37
87,Itaquitinga,2607802,2018,38754039.93
87,Itaquitinga,2607802,2019,39400281.34
87,Itaquitinga,2607802,2020,46145481.23
87,Itaquitinga,2607802,2021,42315256.93
87,Itaquitinga,2607802,2022,59525509.81
87,Itaquitinga,2607802,2023,76742637.19
87,Itaquitinga,2607802,2024,77179395.31
88,Jaboatão dos Guararapes,2607901,2012,
88,Jaboatão dos Guararapes,2607901,2013,
88,Jaboatão dos Guararapes,2607901,2014,
88,Jaboatão dos Guararapes,2607901,2015,
88,Jaboatão dos Guararapes,2607901,2016,
88,Jaboatão dos Guararapes,2607901,2017,1097203246.42
88,Jaboatão dos Guararapes,2607901,2018,1245481909.59
88,Jaboatão dos Guararapes,2607901,2019,1346504309.97
88,Jaboatão dos Guararapes,2607901,2020,1381095377.92
88,Jaboatão dos Guararapes,2607901,2021,1473805440.82
88,Jaboatão dos Guararapes,2607901,2022,1796379361.88
88,Jaboatão dos Guararapes,2607901,2023,1931548712.21
88,Jaboatão dos Guararapes,2607901,2024,2208188440.92
89,Jaqueira,2607950,2012,
89,Jaqueira,2607950,2013,
89,Jaqueira,2607950,2014,
89,Jaqueira,2607950,2015,
89,Jaqueira,2607950,2016,
89,Jaqueira,2607950,2017,35130628.7
89,Jaqueira,2607950,2018,38670693.83
89,Jaqueira,2607950,2019,36878979.07
89,Jaqueira,2607950,2020,39279435.32
89,Jaqueira,2607950,2021,44314304.8
89,Jaqueira,2607950,2022,59207693.95
89,Jaqueira,2607950,2023,58633189.69
89,Jaqueira,2607950,2024,68783065.86
90,Jataúba,2608008,2012,
90,Jataúba,2608008,2013,
90,Jataúba,2608008,2014,
90,Jataúba,2608008,2015,
90,Jataúba,2608008,2016,
90,Jataúba,2608008,2017,38225394.39
90,Jataúba,2608008,2018,44863203.06
90,Jataúba,2608008,2019,49123729.34
90,Jataúba,2608008,2020,54330163.63
90,Jataúba,2608008,2021,54944316.3
90,Jataúba,2608008,2022,75316873.93
90,Jataúba,2608008,2023,79804048.55
90,Jataúba,2608008,2024,82074408.68
91,Jatobá,2608057,2012,
91,Jatobá,2608057,2013,
91,Jatobá,2608057,2014,
91,Jatobá,2608057,2015,
91,Jatobá,2608057,2016,
91,Jatobá,2608057,2017,32810275.72
91,Jatobá,2608057,2018,33853653.28
91,Jatobá,2608057,2019,38730098.62
91,Jatobá,2608057,2020,45553147.46
91,Jatobá,2608057,2021,45838415.38
91,Jatobá,2608057,2022,63912454.41
91,Jatobá,2608057,2023,73556823.93
91,Jatobá,2608057,2024,74508906.36
92,João Alfredo,2608107,2012,
92,João Alfredo,2608107,2013,
92,João Alfredo,2608107,2014,
92,João Alfredo,2608107,2015,
92,João Alfredo,2608107,2016,
92,João Alfredo,2608107,2017,63001557.75
92,João Alfredo,2608107,2018,66086423.51
92,João Alfredo,2608107,2019,71178977.64
92,João Alfredo,2608107,2020,72110638.66
92,João Alfredo,2608107,2021,86501219.21
92,João Alfredo,2608107,2022,140214349.15
92,João Alfredo,2608107,2023,123714157.83
92,João Alfredo,2608107,2024,143709371.56
93,Joaquim Nabuco,2608206,2012,
93,Joaquim Nabuco,2608206,2013,
93,Joaquim Nabuco,2608206,2014,
93,Joaquim Nabuco,2608206,2015,
93,Joaquim Nabuco,2608206,2016,
93,Joaquim Nabuco,2608206,2017,36869217.8
93,Joaquim Nabuco,2608206,2018,44879991.17
93,Joaquim Nabuco,2608206,2019,42199455.71
93,Joaquim Nabuco,2608206,2020,46890335.66
93,Joaquim Nabuco,2608206,2021,55449362.56
93,Joaquim Nabuco,2608206,2022,54791504.73
93,Joaquim Nabuco,2608206,2023,65970132.28
93,Joaquim Nabuco,2608206,2024,74624417.84
94,Jucati,2608255,2012,
94,Jucati,2608255,2013,
94,Jucati,2608255,2014,
94,Jucati,2608255,2015,
94,Jucati,2608255,2016,
94,Jucati,2608255,2017,31815728.23
94,Jucati,2608255,2018,33336375.6
94,Jucati,2608255,2019,35221799.86
94,Jucati,2608255,2020,41149425.03
94,Jucati,2608255,2021,42419706.54
94,Jucati,2608255,2022,54412343.75
94,Jucati,2608255,2023,61329487.15
94,Jucati,2608255,2024,85835663.1
95,Jupi,2608305,2012,
95,Jupi,2608305,2013,
95,Jupi,2608305,2014,
95,Jupi,2608305,2015,
95,Jupi,2608305,2016,
95,Jupi,2608305,2017,44320395.28
95,Jupi,2608305,2018,47227511.49
95,Jupi,2608305,2019,51564571.13
95,Jupi,2608305,2020,52220778.6
95,Jupi,2608305,2021,48003836.25
95,Jupi,2608305,2022,80847790.39
95,Jupi,2608305,2023,12278700.18
95,Jupi,2608305,2024,136652311.01
96,Jurema,2608404,2012,
96,Jurema,2608404,2013,
96,Jurema,2608404,2014,
96,Jurema,2608404,2015,
96,Jurema,2608404,2016,
96,Jurema,2608404,2017,48299170.38
96,Jurema,2608404,2018,41885021.42
96,Jurema,2608404,2019,40900009.78
96,Jurema,2608404,2020,42729140.02
96,Jurema,2608404,2021,45583366.3
96,Jurema,2608404,2022,61957692.45
96,Jurema,2608404,2023,66556093.19
96,Jurema,2608404,2024,89234852.31
97,Lagoa de Itaenga,2608453,2012,
97,Lagoa de Itaenga,2608453,2013,
97,Lagoa de Itaenga,2608453,2014,
97,Lagoa de Itaenga,2608453,2015,
97,Lagoa de Itaenga,2608453,2016,
97,Lagoa de Itaenga,2608453,2017,47501379.33
97,Lagoa de Itaenga,2608453,2018,51870002.36
97,Lagoa de Itaenga,2608453,2019,53951019.02
97,Lagoa de Itaenga,2608453,2020,62217795.38
97,Lagoa de Itaenga,2608453,2021,62036377
97,Lagoa de Itaenga,2608453,2022,79776649.41
97,Lagoa de Itaenga,2608453,2023,99096335.43
97,Lagoa de Itaenga,2608453,2024,112162498.38
98,Lagoa do Carro,2608503,2012,
98,Lagoa do Carro,2608503,2013,
98,Lagoa do Carro,2608503,2014,
98,Lagoa do Carro,2608503,2015,
98,Lagoa do Carro,2608503,2016,
98,Lagoa do Carro,2608503,2017,44276178.44
98,Lagoa do Carro,2608503,2018,43967691.15
98,Lagoa do Carro,2608503,2019,48503847.92
98,Lagoa do Carro,2608503,2020,49397915.3
98,Lagoa do Carro,2608503,2021,62184584.63
98,Lagoa do Carro,2608503,2022,77659536.03
98,Lagoa do Carro,2608503,2023,95409881.51
98,Lagoa do Carro,2608503,2024,90119091.37
99,Lagoa do Ouro,2608602,2012,
99,Lagoa do Ouro,2608602,2013,
99,Lagoa do Ouro,2608602,2014,
99,Lagoa do Ouro,2608602,2015,
99,Lagoa do Ouro,2608602,2016,
99,Lagoa do Ouro,2608602,2017,37958678.76
99,Lagoa do Ouro,2608602,2018,41949867.7
99,Lagoa do Ouro,2608602,2019,43712212.38
99,Lagoa do Ouro,2608602,2020,48218973.36
99,Lagoa do Ouro,2608602,2021,53197997.51
99,Lagoa do Ouro,2608602,2022,63721136.48
99,Lagoa do Ouro,2608602,2023,72687094.04
99,Lagoa do Ouro,2608602,2024,97514704.46
100,Lagoa dos Gatos,2608701,2012,
100,Lagoa dos Gatos,2608701,2013,
100,Lagoa dos Gatos,2608701,2014,
100,Lagoa dos Gatos,2608701,2015,
100,Lagoa dos Gatos,2608701,2016,
100,Lagoa dos Gatos,2608701,2017,31806988.77
100,Lagoa dos Gatos,2608701,2018,31160449.42
100,Lagoa dos Gatos,2608701,2019,34586581.23
100,Lagoa dos Gatos,2608701,2020,39390936.56
100,Lagoa dos Gatos,2608701,2021,43621035.77
100,Lagoa dos Gatos,2608701,2022,55790319.25
100,Lagoa dos Gatos,2608701,2023,62449022.66
100,Lagoa dos Gatos,2608701,2024,76269160.28
101,Lagoa Grande,2608750,2012,
101,Lagoa Grande,2608750,2013,
101,Lagoa Grande,2608750,2014,
101,Lagoa Grande,2608750,2015,
101,Lagoa Grande,2608750,2016,
101,Lagoa Grande,2608750,2017,50590585.23
101,Lagoa Grande,2608750,2018,60198349.81
101,Lagoa Grande,2608750,2019,66060612.53
101,Lagoa Grande,2608750,2020,72758917.23
101,Lagoa Grande,2608750,2021,82368205.4
101,Lagoa Grande,2608750,2022,105892597.82
101,Lagoa Grande,2608750,2023,121572025.07
101,Lagoa Grande,2608750,2024,161699805.37
102,Lajedo,2608800,2012,
102,Lajedo,2608800,2013,
102,Lajedo,2608800,2014,
102,Lajedo,2608800,2015,
102,Lajedo,2608800,2016,
102,Lajedo,2608800,2017,84078388.63
102,Lajedo,2608800,2018,90885483.05
102,Lajedo,2608800,2019,98519226.62
102,Lajedo,2608800,2020,102228601.72
102,Lajedo,2608800,2021,119006829.35
102,Lajedo,2608800,2022,158585576.33
102,Lajedo,2608800,2023,192197944.99
102,Lajedo,2608800,2024,178498425.77
103,Limoeiro,2608909,2012,
103,Limoeiro,2608909,2013,
103,Limoeiro,2608909,2014,
103,Limoeiro,2608909,2015,
103,Limoeiro,2608909,2016,
103,Limoeiro,2608909,2017,112527134.94
103,Limoeiro,2608909,2018,113736109.08
103,Limoeiro,2608909,2019,117115288.76
103,Limoeiro,2608909,2020,136487475.52
103,Limoeiro,2608909,2021,126350923.59
103,Limoeiro,2608909,2022,171308731.44
103,Limoeiro,2608909,2023,195771344.25
103,Limoeiro,2608909,2024,228758653.42
104,Macaparana,2609006,2012,
104,Macaparana,2609006,2013,
104,Macaparana,2609006,2014,
104,Macaparana,2609006,2015,
104,Macaparana,2609006,2016,
104,Macaparana,2609006,2017,61816806.81
104,Macaparana,2609006,2018,66923748.36
104,Macaparana,2609006,2019,62247659.87
104,Macaparana,2609006,2020,59607368.04
104,Macaparana,2609006,2021,80870257.22
104,Macaparana,2609006,2022,105096549.83
104,Macaparana,2609006,2023,103511219.06
104,Macaparana,2609006,2024,132861564.75
105,Machados,2609105,2012,
105,Machados,2609105,2013,
105,Machados,2609105,2014,
105,Machados,2609105,2015,
105,Machados,2609105,2016,
105,Machados,2609105,2017,33166770.31
105,Machados,2609105,2018,36020410.95
105,Machados,2609105,2019,37260997.66
105,Machados,2609105,2020,32096079.42
105,Machados,2609105,2021,46895832.92
105,Machados,2609105,2022,64150876.26
105,Machados,2609105,2023,73112766.2
105,Machados,2609105,2024,62912198.35
106,Manari,2609154,2012,
106,Manari,2609154,2013,
106,Manari,2609154,2014,
106,Manari,2609154,2015,
106,Manari,2609154,2016,
106,Manari,2609154,2017,46372985.83
106,Manari,2609154,2018,50093744.54
106,Manari,2609154,2019,53869438.47
106,Manari,2609154,2020,62360872.42
106,Manari,2609154,2021,66227390.31
106,Manari,2609154,2022,79672582.86
106,Manari,2609154,2023,58353438.58
106,Manari,2609154,2024,105684219.62
107,Maraial,2609204,2012,
107,Maraial,2609204,2013,
107,Maraial,2609204,2014,
107,Maraial,2609204,2015,
107,Maraial,2609204,2016,
107,Maraial,2609204,2017,31779269.52
107,Maraial,2609204,2018,34479610.52
107,Maraial,2609204,2019,17199846.86
107,Maraial,2609204,2020,26397149.21
107,Maraial,2609204,2021,30659710.5
107,Maraial,2609204,2022,41057055.83
107,Maraial,2609204,2023,49914650.4
107,Maraial,2609204,2024,57398277.63
108,Mirandiba,2609303,2012,
108,Mirandiba,2609303,2013,
108,Mirandiba,2609303,2014,
108,Mirandiba,2609303,2015,
108,Mirandiba,2609303,2016,
108,Mirandiba,2609303,2017,33724627.44
108,Mirandiba,2609303,2018,39173055.97
108,Mirandiba,2609303,2019,38223613.19
108,Mirandiba,2609303,2020,35066589.92
108,Mirandiba,2609303,2021,45810348.61
108,Mirandiba,2609303,2022,67041870.63
108,Mirandiba,2609303,2023,68403813.53
108,Mirandiba,2609303,2024,78423425.25
109,Moreilândia,2614303,2012,
109,Moreilândia,2614303,2013,
109,Moreilândia,2614303,2014,
109,Moreilândia,2614303,2015,
109,Moreilândia,2614303,2016,
109,Moreilândia,2614303,2017,32138915.12
109,Moreilândia,2614303,2018,35049629.99
109,Moreilândia,2614303,2019,37082358.13
109,Moreilândia,2614303,2020,38765107.6
109,Moreilândia,2614303,2021,36512440.37
109,Moreilândia,2614303,2022,54669143.57
109,Moreilândia,2614303,2023,59563948.13
109,Moreilândia,2614303,2024,70086403.21
110,Moreno,2609402,2012,
110,Moreno,2609402,2013,
110,Moreno,2609402,2014,
110,Moreno,2609402,2015,
110,Moreno,2609402,2016,
110,Moreno,2609402,2017,101505573.44
110,Moreno,2609402,2018,115163425.9
110,Moreno,2609402,2019,121422307.46
110,Moreno,2609402,2020,128384677.11
110,Moreno,2609402,2021,133904451.8
110,Moreno,2609402,2022,177140532.13
110,Moreno,2609402,2023,208162505.03
110,Moreno,2609402,2024,221538240.55
111,Nazaré da Mata,2609501,2012,
111,Nazaré da Mata,2609501,2013,
111,Nazaré da Mata,2609501,2014,
111,Nazaré da Mata,2609501,2015,
111,Nazaré da Mata,2609501,2016,
111,Nazaré da Mata,2609501,2017,54880421.91
111,Nazaré da Mata,2609501,2018,60611096.8
111,Nazaré da Mata,2609501,2019,62614144.8
111,Nazaré da Mata,2609501,2020,72133135.76
111,Nazaré da Mata,2609501,2021,81012629.55
111,Nazaré da Mata,2609501,2022,94729992.63
111,Nazaré da Mata,2609501,2023,107656541.67
111,Nazaré da Mata,2609501,2024,120090661.14
112,Olinda,2609600,2012,
112,Olinda,2609600,2013,
112,Olinda,2609600,2014,
112,Olinda,2609600,2015,
112,Olinda,2609600,2016,
112,Olinda,2609600,2017,564435817.58
112,Olinda,2609600,2018,637737348.31
112,Olinda,2609600,2019,680423111.29
112,Olinda,2609600,2020,671269360.65
112,Olinda,2609600,2021,744916809.17
112,Olinda,2609600,2022,918050028.03
112,Olinda,2609600,2023,1038460771.97
112,Olinda,2609600,2024,1126890309.41
113,Orobó,2609709,2012,
113,Orobó,2609709,2013,
113,Orobó,2609709,2014,
113,Orobó,2609709,2015,
113,Orobó,2609709,2016,
113,Orobó,2609709,2017,54042057.84
113,Orobó,2609709,2018,59200138.24
113,Orobó,2609709,2019,63789847.33
113,Orobó,2609709,2020,77764851.22
113,Orobó,2609709,2021,79746607.76
113,Orobó,2609709,2022,100459341.48
113,Orobó,2609709,2023,101261105.3
113,Orobó,2609709,2024,138012079.77
114,Orocó,2609808,2012,
114,Orocó,2609808,2013,
114,Orocó,2609808,2014,
114,Orocó,2609808,2015,
114,Orocó,2609808,2016,
114,Orocó,2609808,2017,133076412.13
114,Orocó,2609808,2018,128388285.11
114,Orocó,2609808,2019,138929999.34
114,Orocó,2609808,2020,161881957.01
114,Orocó,2609808,2021,169053757.9
114,Orocó,2609808,2022,68086325.33
114,Orocó,2609808,2023,214088686.2
114,Orocó,2609808,2024,267274886.16
115,Ouricuri,2609907,2012,
115,Ouricuri,2609907,2013,
115,Ouricuri,2609907,2014,
115,Ouricuri,2609907,2015,
115,Ouricuri,2609907,2016,
115,Ouricuri,2609907,2017,133076412.13
115,Ouricuri,2609907,2018,128388285.11
115,Ouricuri,2609907,2019,138929999.34
115,Ouricuri,2609907,2020,161881957.01
115,Ouricuri,2609907,2021,169053757.9
115,Ouricuri,2609907,2022,214887835.44
115,Ouricuri,2609907,2023,214088686.2
115,Ouricuri,2609907,2024,267274886.16
116,Palmares,2610004,2012,
116,Palmares,2610004,2013,
116,Palmares,2610004,2014,
116,Palmares,2610004,2015,
116,Palmares,2610004,2016,
116,Palmares,2610004,2017,134996795.84
116,Palmares,2610004,2018,132916235.6
116,Palmares,2610004,2019,136907930
116,Palmares,2610004,2020,150361412.4
116,Palmares,2610004,2021,149612259.34
116,Palmares,2610004,2022,212469411.84
116,Palmares,2610004,2023,191960084.04
116,Palmares,2610004,2024,334471321.81
117,Palmeirina,2610103,2012,
117,Palmeirina,2610103,2013,
117,Palmeirina,2610103,2014,
117,Palmeirina,2610103,2015,
117,Palmeirina,2610103,2016,
117,Palmeirina,2610103,2017,26807383.4
117,Palmeirina,2610103,2018,25939370.24
117,Palmeirina,2610103,2019,28116993.51
117,Palmeirina,2610103,2020,27707194.53
117,Palmeirina,2610103,2021,12782136.65
117,Palmeirina,2610103,2022,41655237.63
117,Palmeirina,2610103,2023,44797352.86
117,Palmeirina,2610103,2024,39460313.51
118,Panelas,2610202,2012,
118,Panelas,2610202,2013,
118,Panelas,2610202,2014,
118,Panelas,2610202,2015,
118,Panelas,2610202,2016,
118,Panelas,2610202,2017,71185312.65
118,Panelas,2610202,2018,66234706.21
118,Panelas,2610202,2019,65973549.23
118,Panelas,2610202,2020,80516392.06
118,Panelas,2610202,2021,90550190.12
118,Panelas,2610202,2022,129274513.53
118,Panelas,2610202,2023,130070203.27
118,Panelas,2610202,2024,153432227.41
119,Paranatama,2610301,2012,
119,Paranatama,2610301,2013,
119,Paranatama,2610301,2014,
119,Paranatama,2610301,2015,
119,Paranatama,2610301,2016,
119,Paranatama,2610301,2017,37612729.74
119,Paranatama,2610301,2018,42128331.95
119,Paranatama,2610301,2019,45912919.14
119,Paranatama,2610301,2020,47334696.27
119,Paranatama,2610301,2021,55702875.21
119,Paranatama,2610301,2022,70961290.25
119,Paranatama,2610301,2023,76723314.65
119,Paranatama,2610301,2024,89022160.55
120,Parnamirim,2610400,2012,
120,Parnamirim,2610400,2013,
120,Parnamirim,2610400,2014,
120,Parnamirim,2610400,2015,
120,Parnamirim,2610400,2016,
120,Parnamirim,2610400,2017,46447457.33
120,Parnamirim,2610400,2018,54314542.03
120,Parnamirim,2610400,2019,55089199.3
120,Parnamirim,2610400,2020,61343641.43
120,Parnamirim,2610400,2021,68934167.63
120,Parnamirim,2610400,2022,96778139.78
120,Parnamirim,2610400,2023,95756734.31
120,Parnamirim,2610400,2024,90180551.47
121,Passira,2610509,2012,
121,Passira,2610509,2013,
121,Passira,2610509,2014,
121,Passira,2610509,2015,
121,Passira,2610509,2016,
121,Passira,2610509,2017,63869979.61
121,Passira,2610509,2018,64378896.37
121,Passira,2610509,2019,71821721.78
121,Passira,2610509,2020,75652969.82
121,Passira,2610509,2021,78777812.26
121,Passira,2610509,2022,102372624.17
121,Passira,2610509,2023,119440897.11
121,Passira,2610509,2024,132050954.39
122,Paudalho,2610608,2012,
122,Paudalho,2610608,2013,
122,Paudalho,2610608,2014,
122,Paudalho,2610608,2015,
122,Paudalho,2610608,2016,
122,Paudalho,2610608,2017,89394340.66
122,Paudalho,2610608,2018,106936908.09
122,Paudalho,2610608,2019,113586339.57
122,Paudalho,2610608,2020,126634274.04
122,Paudalho,2610608,2021,154931171.34
122,Paudalho,2610608,2022,199885978.46
122,Paudalho,2610608,2023,218358833.51
122,Paudalho,2610608,2024,285290289.51
123,Paulista,2610707,2012,
123,Paulista,2610707,2013,
123,Paulista,2610707,2014,
123,Paulista,2610707,2015,
123,Paulista,2610707,2016,
123,Paulista,2610707,2017,447993053.62
123,Paulista,2610707,2018,457491256.98
123,Paulista,2610707,2019,500563630.52
123,Paulista,2610707,2020,586053465.76
123,Paulista,2610707,2021,587299430.65
123,Paulista,2610707,2022,646555035.87
123,Paulista,2610707,2023,900026889.98
123,Paulista,2610707,2024,944225875.66
124,Pedra,2610806,2012,
124,Pedra,2610806,2013,
124,Pedra,2610806,2014,
124,Pedra,2610806,2015,
124,Pedra,2610806,2016,
124,Pedra,2610806,2017,47614852.97
124,Pedra,2610806,2018,51145713.74
124,Pedra,2610806,2019,52716100.37
124,Pedra,2610806,2020,53457167.62
124,Pedra,2610806,2021,59719599.21
124,Pedra,2610806,2022,80772677.03
124,Pedra,2610806,2023,91548238.12
124,Pedra,2610806,2024,103321582.46
125,Pesqueira,2610905,2012,
125,Pesqueira,2610905,2013,
125,Pesqueira,2610905,2014,
125,Pesqueira,2610905,2015,
125,Pesqueira,2610905,2016,
125,Pesqueira,2610905,2017,107116983.23
125,Pesqueira,2610905,2018,123959121.49
125,Pesqueira,2610905,2019,132807645.16
125,Pesqueira,2610905,2020,154881308.52
125,Pesqueira,2610905,2021,160941274.66
125,Pesqueira,2610905,2022,233042289.24
125,Pesqueira,2610905,2023,246620723.42
125,Pesqueira,2610905,2024,273788657.04
126,Petrolândia,2611002,2012,
126,Petrolândia,2611002,2013,
126,Petrolândia,2611002,2014,
126,Petrolândia,2611002,2015,
126,Petrolândia,2611002,2016,
126,Petrolândia,2611002,2017,80316586.03
126,Petrolândia,2611002,2018,81779796.6
126,Petrolândia,2611002,2019,88040808.41
126,Petrolândia,2611002,2020,91967844.96
126,Petrolândia,2611002,2021,103263176.42
126,Petrolândia,2611002,2022,144646633.28
126,Petrolândia,2611002,2023,175064818.08
126,Petrolândia,2611002,2024,205124295.69
127,Petrolina,2611101,2012,
127,Petrolina,2611101,2013,
127,Petrolina,2611101,2014,
127,Petrolina,2611101,2015,
127,Petrolina,2611101,2016,
127,Petrolina,2611101,2017,526326379.81
127,Petrolina,2611101,2018,712438244.03
127,Petrolina,2611101,2019,810213965.39
127,Petrolina,2611101,2020,840106890.78
127,Petrolina,2611101,2021,1046645586.45
127,Petrolina,2611101,2022,1266382187.4
127,Petrolina,2611101,2023,1436836871.86
127,Petrolina,2611101,2024,1613047359.12
128,Poção,2611200,2012,
128,Poção,2611200,2013,
128,Poção,2611200,2014,
128,Poção,2611200,2015,
128,Poção,2611200,2016,
128,Poção,2611200,2017,26962350.66
128,Poção,2611200,2018,30345317.03
128,Poção,2611200,2019,33779156.2
128,Poção,2611200,2020,38392528.81
128,Poção,2611200,2021,40979476.37
128,Poção,2611200,2022,48722280.74
128,Poção,2611200,2023,49369183.95
128,Poção,2611200,2024,57858319.64
129,Pombos,2611309,2012,
129,Pombos,2611309,2013,
129,Pombos,2611309,2014,
129,Pombos,2611309,2015,
129,Pombos,2611309,2016,
129,Pombos,2611309,2017,51942657.1
129,Pombos,2611309,2018,57002475.69
129,Pombos,2611309,2019,41833104.84
129,Pombos,2611309,2020,73070107.71
129,Pombos,2611309,2021,79037725.72
129,Pombos,2611309,2022,96798091.12
129,Pombos,2611309,2023,100750781.92
129,Pombos,2611309,2024,118634785.8
130,Primavera,2611408,2012,
130,Primavera,2611408,2013,
130,Primavera,2611408,2014,
130,Primavera,2611408,2015,
130,Primavera,2611408,2016,
130,Primavera,2611408,2017,31448986.96
130,Primavera,2611408,2018,33365496.08
130,Primavera,2611408,2019,37169430.63
130,Primavera,2611408,2020,40137283.34
130,Primavera,2611408,2021,47759820.03
130,Primavera,2611408,2022,54049262.67
130,Primavera,2611408,2023,56948259.83
130,Primavera,2611408,2024,64587866.57
131,Quipapá,2611507,2012,
131,Quipapá,2611507,2013,
131,Quipapá,2611507,2014,
131,Quipapá,2611507,2015,
131,Quipapá,2611507,2016,
131,Quipapá,2611507,2017,57396476.07
131,Quipapá,2611507,2018,56523378.78
131,Quipapá,2611507,2019,58112742.21
131,Quipapá,2611507,2020,66198109.35
131,Quipapá,2611507,2021,66231124.34
131,Quipapá,2611507,2022,79108353.29
131,Quipapá,2611507,2023,93614418.5
131,Quipapá,2611507,2024,97906036.7
132,Quixaba,2611533,2012,
132,Quixaba,2611533,2013,
132,Quixaba,2611533,2014,
132,Quixaba,2611533,2015,
132,Quixaba,2611533,2016,
132,Quixaba,2611533,2017,22704260.89
132,Quixaba,2611533,2018,25095514.48
132,Quixaba,2611533,2019,26917988.37
132,Quixaba,2611533,2020,28232195.24
132,Quixaba,2611533,2021,34658392.24
132,Quixaba,2611533,2022,46883497.3
132,Quixaba,2611533,2023,55042060.83
132,Quixaba,2611533,2024,55255285.06
133,Recife,2611606,2012,2358034692.53
133,Recife,2611606,2013,2619464621.62
133,Recife,2611606,2014,2996045198.93
133,Recife,2611606,2015,3875209363.94
133,Recife,2611606,2016,3729059009.12
133,Recife,2611606,2017,4409686440.02
133,Recife,2611606,2018,4769085080.88
133,Recife,2611606,2019,5051056344.93
133,Recife,2611606,2020,5309988986.69
133,Recife,2611606,2021,5737155377.34
133,Recife,2611606,2022,732314.18
133,Recife,2611606,2023,591499.51
133,Recife,2611606,2024,6230001403.76
134,Riacho das Almas,2611705,2012,
134,Riacho das Almas,2611705,2013,
134,Riacho das Almas,2611705,2014,
134,Riacho das Almas,2611705,2015,
134,Riacho das Almas,2611705,2016,
134,Riacho das Almas,2611705,2017,47455520.92
134,Riacho das Almas,2611705,2018,51110528.2
134,Riacho das Almas,2611705,2019,52104671.73
134,Riacho das Almas,2611705,2020,55217080.19
134,Riacho das Almas,2611705,2021,62104060.59
134,Riacho das Almas,2611705,2022,81099966.43
134,Riacho das Almas,2611705,2023,96847476.46
134,Riacho das Almas,2611705,2024,110081566.09
135,Ribeirão,2611804,2012,
135,Ribeirão,2611804,2013,
135,Ribeirão,2611804,2014,
135,Ribeirão,2611804,2015,
135,Ribeirão,2611804,2016,
135,Ribeirão,2611804,2017,80757990.42
135,Ribeirão,2611804,2018,91814923.94
135,Ribeirão,2611804,2019,99181807.83
135,Ribeirão,2611804,2020,109688714.66
135,Ribeirão,2611804,2021,127753756.86
135,Ribeirão,2611804,2022,140000379.48
135,Ribeirão,2611804,2023,160293761.72
135,Ribeirão,2611804,2024,191614324.77
136,Rio Formoso,2611903,2012,
136,Rio Formoso,2611903,2013,
136,Rio Formoso,2611903,2014,
136,Rio Formoso,2611903,2015,
136,Rio Formoso,2611903,2016,
136,Rio Formoso,2611903,2017,64802260.77
136,Rio Formoso,2611903,2018,69333692.58
136,Rio Formoso,2611903,2019,72574217.6
136,Rio Formoso,2611903,2020,77312393.35
136,Rio Formoso,2611903,2021,90465254.33
136,Rio Formoso,2611903,2022,121531411.46
136,Rio Formoso,2611903,2023,124054244.48
136,Rio Formoso,2611903,2024,133282637.48
137,Sairé,2612000,2012,
137,Sairé,2612000,2013,
137,Sairé,2612000,2014,
137,Sairé,2612000,2015,
137,Sairé,2612000,2016,
137,Sairé,2612000,2017,27144797.68
137,Sairé,2612000,2018,27644050.83
137,Sairé,2612000,2019,26971298.29
137,Sairé,2612000,2020,28359973.98
137,Sairé,2612000,2021,31885115.52
137,Sairé,2612000,2022,41911104.82
137,Sairé,2612000,2023,51618017.39
137,Sairé,2612000,2024,61729566.53
138,Salgadinho,2612109,2012,
138,Salgadinho,2612109,2013,
138,Salgadinho,2612109,2014,
138,Salgadinho,2612109,2015,
138,Salgadinho,2612109,2016,
138,Salgadinho,2612109,2017,23802106.62
138,Salgadinho,2612109,2018,27980296.69
138,Salgadinho,2612109,2019,22828851.1
138,Salgadinho,2612109,2020,28923612.94
138,Salgadinho,2612109,2021,31376252.53
138,Salgadinho,2612109,2022,40449765.01
138,Salgadinho,2612109,2023,21832729.2
138,Salgadinho,2612109,2024,40954873.44
139,Salgueiro,2612208,2012,
139,Salgueiro,2612208,2013,
139,Salgueiro,2612208,2014,
139,Salgueiro,2612208,2015,
139,Salgueiro,2612208,2016,
139,Salgueiro,2612208,2017,108319585.46
139,Salgueiro,2612208,2018,124151294.63
139,Salgueiro,2612208,2019,130587517.95
139,Salgueiro,2612208,2020,156045704.61
139,Salgueiro,2612208,2021,156035484.57
139,Salgueiro,2612208,2022,208544561.62
139,Salgueiro,2612208,2023,229795463.75
139,Salgueiro,2612208,2024,258727598.06
140,Saloá,2612307,2012,
140,Saloá,2612307,2013,
140,Saloá,2612307,2014,
140,Saloá,2612307,2015,
140,Saloá,2612307,2016,
140,Saloá,2612307,2017,44605570.17
140,Saloá,2612307,2018,45670623.1
140,Saloá,2612307,2019,50651674.47
140,Saloá,2612307,2020,54904692.51
140,Saloá,2612307,2021,58678134.88
140,Saloá,2612307,2022,69949629.79
140,Saloá,2612307,2023,84014347.99
140,Saloá,2612307,2024,94432877.12
141,Sanharó,2612406,2012,
141,Sanharó,2612406,2013,
141,Sanharó,2612406,2014,
141,Sanharó,2612406,2015,
141,Sanharó,2612406,2016,
141,Sanharó,2612406,2017,43612548.74
141,Sanharó,2612406,2018,47052151.87
141,Sanharó,2612406,2019,52414510.87
141,Sanharó,2612406,2020,58573552.8
141,Sanharó,2612406,2021,53734401.17
141,Sanharó,2612406,2022,40449765.01
141,Sanharó,2612406,2023,89697056.4
141,Sanharó,2612406,2024,110391166.25
142,Santa Cruz,2612455,2012,
142,Santa Cruz,2612455,2013,
142,Santa Cruz,2612455,2014,
142,Santa Cruz,2612455,2015,
142,Santa Cruz,2612455,2016,
142,Santa Cruz,2612455,2017,34161593.34
142,Santa Cruz,2612455,2018,35321643.32
142,Santa Cruz,2612455,2019,38449808.34
142,Santa Cruz,2612455,2020,42430104.49
142,Santa Cruz,2612455,2021,51523923.93
142,Santa Cruz,2612455,2022,60875298.15
142,Santa Cruz,2612455,2023,79860547.75
142,Santa Cruz,2612455,2024,84018946.38
143,Santa Cruz da Baixa Verde,2612471,2012,
143,Santa Cruz da Baixa Verde,2612471,2013,
143,Santa Cruz da Baixa Verde,2612471,2014,
143,Santa Cruz da Baixa Verde,2612471,2015,
143,Santa Cruz da Baixa Verde,2612471,2016,
143,Santa Cruz da Baixa Verde,2612471,2017,30331584.4
143,Santa Cruz da Baixa Verde,2612471,2018,33210731.97
143,Santa Cruz da Baixa Verde,2612471,2019,36815156.31
143,Santa Cruz da Baixa Verde,2612471,2020,39879373.51
143,Santa Cruz da Baixa Verde,2612471,2021,41719730.57
143,Santa Cruz da Baixa Verde,2612471,2022,54888617.16
143,Santa Cruz da Baixa Verde,2612471,2023,64403045.47
143,Santa Cruz da Baixa Verde,2612471,2024,74368334.52
144,Santa Cruz do Capibaribe,2612505,2012,
144,Santa Cruz do Capibaribe,2612505,2013,
144,Santa Cruz do Capibaribe,2612505,2014,
144,Santa Cruz do Capibaribe,2612505,2015,
144,Santa Cruz do Capibaribe,2612505,2016,
144,Santa Cruz do Capibaribe,2612505,2017,155186769.35
144,Santa Cruz do Capibaribe,2612505,2018,172164941.61
144,Santa Cruz do Capibaribe,2612505,2019,169536157.59
144,Santa Cruz do Capibaribe,2612505,2020,198094344.94
144,Santa Cruz do Capibaribe,2612505,2021,214023401.1
144,Santa Cruz do Capibaribe,2612505,2022,299309482.83
144,Santa Cruz do Capibaribe,2612505,2023,340541631.18
144,Santa Cruz do Capibaribe,2612505,2024,424563667.54
145,Santa Filomena,2612554,2012,
145,Santa Filomena,2612554,2013,
145,Santa Filomena,2612554,2014,
145,Santa Filomena,2612554,2015,
145,Santa Filomena,2612554,2016,
145,Santa Filomena,2612554,2017,31283544.93
145,Santa Filomena,2612554,2018,36604033.98
145,Santa Filomena,2612554,2019,38295330.24
145,Santa Filomena,2612554,2020,42145002.6
145,Santa Filomena,2612554,2021,39881566.58
145,Santa Filomena,2612554,2022,57657815.09
145,Santa Filomena,2612554,2023,62459727.18
145,Santa Filomena,2612554,2024,65691432.68
146,Santa Maria da Boa Vista,2612604,2012,
146,Santa Maria da Boa Vista,2612604,2013,
146,Santa Maria da Boa Vista,2612604,2014,
146,Santa Maria da Boa Vista,2612604,2015,
146,Santa Maria da Boa Vista,2612604,2016,
146,Santa Maria da Boa Vista,2612604,2017,89565728.01
146,Santa Maria da Boa Vista,2612604,2018,116220651.18
146,Santa Maria da Boa Vista,2612604,2019,97528451.8
146,Santa Maria da Boa Vista,2612604,2020,122409882.83
146,Santa Maria da Boa Vista,2612604,2021,113401403.81
146,Santa Maria da Boa Vista,2612604,2022,151828986.63
146,Santa Maria da Boa Vista,2612604,2023,192113379.39
146,Santa Maria da Boa Vista,2612604,2024,205037540.89
147,Santa Maria do Cambucá,2612703,2012,
147,Santa Maria do Cambucá,2612703,2013,
147,Santa Maria do Cambucá,2612703,2014,
147,Santa Maria do Cambucá,2612703,2015,
147,Santa Maria do Cambucá,2612703,2016,
147,Santa Maria do Cambucá,2612703,2017,30093780.14
147,Santa Maria do Cambucá,2612703,2018,30065872.51
147,Santa Maria do Cambucá,2612703,2019,31527697.51
147,Santa Maria do Cambucá,2612703,2020,35368014.35
147,Santa Maria do Cambucá,2612703,2021,41657778.4
147,Santa Maria do Cambucá,2612703,2022,52402813.62
147,Santa Maria do Cambucá,2612703,2023,60238285.65
147,Santa Maria do Cambucá,2612703,2024,67199044.41
148,Santa Terezinha,2612802,2012,
148,Santa Terezinha,2612802,2013,
148,Santa Terezinha,2612802,2014,
148,Santa Terezinha,2612802,2015,
148,Santa Terezinha,2612802,2016,
148,Santa Terezinha,2612802,2017,29066433.79
148,Santa Terezinha,2612802,2018,30157016
148,Santa Terezinha,2612802,2019,27374283.41
148,Santa Terezinha,2612802,2020,34618362.42
148,Santa Terezinha,2612802,2021,39674120.58
148,Santa Terezinha,2612802,2022,55971549.1
148,Santa Terezinha,2612802,2023,57866458.02
148,Santa Terezinha,2612802,2024,70152792.35
149,São Benedito do Sul,2612901,2012,
149,São Benedito do Sul,2612901,2013,
149,São Benedito do Sul,2612901,2014,
149,São Benedito do Sul,2612901,2015,
149,São Benedito do Sul,2612901,2016,
149,São Benedito do Sul,2612901,2017,28451663.56
149,São Benedito do Sul,2612901,2018,32284820.23
149,São Benedito do Sul,2612901,2019,33303193.13
149,São Benedito do Sul,2612901,2020,36017066.19
149,São Benedito do Sul,2612901,2021,41345611.39
149,São Benedito do Sul,2612901,2022,53013943.35
149,São Benedito do Sul,2612901,2023,55717203.29
149,São Benedito do Sul,2612901,2024,62944478.4
150,São Bento do Una,2613008,2012,22865102.96
150,São Bento do Una,2613008,2013,7456206.24
150,São Bento do Una,2613008,2014,81813179.77
150,São Bento do Una,2613008,2015,84066070.5
150,São Bento do Una,2613008,2016,81953983.36
150,São Bento do Una,2613008,2017,93033917.7
150,São Bento do Una,2613008,2018,106047778.48
150,São Bento do Una,2613008,2019,107388957.52
150,São Bento do Una,2613008,2020,109871925.44
150,São Bento do Una,2613008,2021,126862566.87
150,São Bento do Una,2613008,2022,156830602.83
150,São Bento do Una,2613008,2023,186356943.28
150,São Bento do Una,2613008,2024,222383398.22
151,São Caetano,2613107,2012,40759768.7
151,São Caetano,2613107,2013,41014008.12
151,São Caetano,2613107,2014,49069504.17
151,São Caetano,2613107,2015,52488004.02
151,São Caetano,2613107,2016,56952996.57
151,São Caetano,2613107,2017,56412470.59
151,São Caetano,2613107,2018,64695216.3
151,São Caetano,2613107,2019,69231930.37
151,São Caetano,2613107,2020,86716855.98
151,São Caetano,2613107,2021,75843239.43
151,São Caetano,2613107,2022,113111405.21
151,São Caetano,2613107,2023,134046725.43
151,São Caetano,2613107,2024,147400710.9
152,São João,2613206,2012,35849180.81
152,São João,2613206,2013,40032248.31
152,São João,2613206,2014,41871019.94
152,São João,2613206,2015,38144159.75
152,São João,2613206,2016,42638194.46
152,São João,2613206,2017,34773997.03
152,São João,2613206,2018,57500178.98
152,São João,2613206,2019,59176073.53
152,São João,2613206,2020,45341316.12
152,São João,2613206,2021,27027133.07
152,São João,2613206,2022,99136597.92
152,São João,2613206,2023,108053044.18
152,São João,2613206,2024,132242726.85
153,São Joaquim do Monte,2613305,2012,11542020.62
153,São Joaquim do Monte,2613305,2013,9202436.41
153,São Joaquim do Monte,2613305,2014,37898461.82
153,São Joaquim do Monte,2613305,2015,39880337.18
153,São Joaquim do Monte,2613305,2016,45574057.4
153,São Joaquim do Monte,2613305,2017,48663402.02
153,São Joaquim do Monte,2613305,2018,55931784.8
153,São Joaquim do Monte,2613305,2019,53724278.22
153,São Joaquim do Monte,2613305,2020,56048900.47
153,São Joaquim do Monte,2613305,2021,68313826.59
153,São Joaquim do Monte,2613305,2022,82341733.09
153,São Joaquim do Monte,2613305,2023,88045170.73
153,São Joaquim do Monte,2613305,2024,107534830.22
154,São José da Coroa Grande,2613404,2012,28092563.44
154,São José da Coroa Grande,2613404,2013,32892205.1
154,São José da Coroa Grande,2613404,2014,36818493.8
154,São José da Coroa Grande,2613404,2015,35673853.26
154,São José da Coroa Grande,2613404,2016,41210098.99
154,São José da Coroa Grande,2613404,2017,46153160.59
154,São José da Coroa Grande,2613404,2018,50837903.78
154,São José da Coroa Grande,2613404,2019,51333732.43
154,São José da Coroa Grande,2613404,2020,63663710.23
154,São José da Coroa Grande,2613404,2021,69779217.4
154,São José da Coroa Grande,2613404,2022,88718735
154,São José da Coroa Grande,2613404,2023,105863135.72
154,São José da Coroa Grande,2613404,2024,132722758.41
155,São José do Belmonte,2613503,2012,45142560.07
155,São José do Belmonte,2613503,2013,44418689.31
155,São José do Belmonte,2613503,2014,51115551.1
155,São José do Belmonte,2613503,2015,53327350.67
155,São José do Belmonte,2613503,2016,60041303.66
155,São José do Belmonte,2613503,2017,61509382.97
155,São José do Belmonte,2613503,2018,73877685.58
155,São José do Belmonte,2613503,2019,83878322.58
155,São José do Belmonte,2613503,2020,82510028.2
155,São José do Belmonte,2613503,2021,85671922.02
155,São José do Belmonte,2613503,2022,125521652.49
155,São José do Belmonte,2613503,2023,165208135.88
155,São José do Belmonte,2613503,2024,169176432.79
156,São José do Egito,2613602,2012,31969402.2
156,São José do Egito,2613602,2013,33088130.94
156,São José do Egito,2613602,2014,40167011.35
156,São José do Egito,2613602,2015,60719897.81
156,São José do Egito,2613602,2016,59114917.85
156,São José do Egito,2613602,2017,70774277.41
156,São José do Egito,2613602,2018,78210242.99
156,São José do Egito,2613602,2019,83759888.66
156,São José do Egito,2613602,2020,101242563.09
156,São José do Egito,2613602,2021,92054701.94
156,São José do Egito,2613602,2022,118237979.43
156,São José do Egito,2613602,2023,124295965.68
156,São José do Egito,2613602,2024,152792815.39
157,São Lourenço da Mata,2613701,2012,114228905.85
157,São Lourenço da Mata,2613701,2013,104885771.91
157,São Lourenço da Mata,2613701,2014,140914763.25
157,São Lourenço da Mata,2613701,2015,133140565.14
157,São Lourenço da Mata,2613701,2016,151246913.96
157,São Lourenço da Mata,2613701,2017,135802566.24
157,São Lourenço da Mata,2613701,2018,177545047.75
157,São Lourenço da Mata,2613701,2019,185087745.83
157,São Lourenço da Mata,2613701,2020,197802109.43
157,São Lourenço da Mata,2613701,2021,197041056.42
157,São Lourenço da Mata,2613701,2022,289425495.1
157,São Lourenço da Mata,2613701,2023,334424249.58
157,São Lourenço da Mata,2613701,2024,379001634.99
158,São Vicente Férrer,2613800,2012,25875990.06
158,São Vicente Férrer,2613800,2013,28885325.15
158,São Vicente Férrer,2613800,2014,33798729.4
158,São Vicente Férrer,2613800,2015,35708167.25
158,São Vicente Férrer,2613800,2016,35713420.26
158,São Vicente Férrer,2613800,2017,40389444.1
158,São Vicente Férrer,2613800,2018,43869255.13
158,São Vicente Férrer,2613800,2019,44183594.18
158,São Vicente Férrer,2613800,2020,48458880.12
158,São Vicente Férrer,2613800,2021,54038878.68
158,São Vicente Férrer,2613800,2022,75833230.97
158,São Vicente Férrer,2613800,2023,84657879.99
158,São Vicente Férrer,2613800,2024,95652330.65
159,Serra Talhada,2613909,2012,108349710.87
159,Serra Talhada,2613909,2013,127120778.05
159,Serra Talhada,2613909,2014,142567027.94
159,Serra Talhada,2613909,2015,158813324.61
159,Serra Talhada,2613909,2016,113500520.16
159,Serra Talhada,2613909,2017,185475463.28
159,Serra Talhada,2613909,2018,194178517.59
159,Serra Talhada,2613909,2019,209355073.49
159,Serra Talhada,2613909,2020,226664714.13
159,Serra Talhada,2613909,2021,265011058.89
159,Serra Talhada,2613909,2022,329281355.85
159,Serra Talhada,2613909,2023,359784951.75
159,Serra Talhada,2613909,2024,410347082.82
160,Serrita,2614006,2012,31173574.23
160,Serrita,2614006,2013,39625864.38
160,Serrita,2614006,2014,41100867.74
160,Serrita,2614006,2015,40378659.7
160,Serrita,2614006,2016,48857223.23
160,Serrita,2614006,2017,48298163.31
160,Serrita,2614006,2018,51851809.49
160,Serrita,2614006,2019,55995517.18
160,Serrita,2614006,2020,68300260.01
160,Serrita,2614006,2021,66163225.95
160,Serrita,2614006,2022,84134705.35
160,Serrita,2614006,2023,87278806.18
160,Serrita,2614006,2024,103302358.87
161,Sertânia,2614105,2012,47765988.71
161,Sertânia,2614105,2013,15688523.41
161,Sertânia,2614105,2014,60208378.96
161,Sertânia,2614105,2015,60237053.17
161,Sertânia,2614105,2016,57583744.65
161,Sertânia,2614105,2017,43443507.33
161,Sertânia,2614105,2018,79381867.72
161,Sertânia,2614105,2019,89988500.96
161,Sertânia,2614105,2020,74019963.36
161,Sertânia,2614105,2021,100737768.57
161,Sertânia,2614105,2022,124644400.53
161,Sertânia,2614105,2023,140542171.76
161,Sertânia,2614105,2024,155994252.61
162,Sirinhaém,2614204,2012,53070606.02
162,Sirinhaém,2614204,2013,58213988.8
162,Sirinhaém,2614204,2014,67777185.17
162,Sirinhaém,2614204,2015,68952836.18
162,Sirinhaém,2614204,2016,76425141.85
162,Sirinhaém,2614204,2017,82692811.67
162,Sirinhaém,2614204,2018,89888906.83
162,Sirinhaém,2614204,2019,101070835.44
162,Sirinhaém,2614204,2020,114937999.38
162,Sirinhaém,2614204,2021,98418699.89
162,Sirinhaém,2614204,2022,131903058.21
162,Sirinhaém,2614204,2023,157386836.04
162,Sirinhaém,2614204,2024,186762776.3
163,Solidão,2614402,2012,10331404.14
163,Solidão,2614402,2013,13558776.21
163,Solidão,2614402,2014,17562564.78
163,Solidão,2614402,2015,12040161.74
163,Solidão,2614402,2016,15581577.05
163,Solidão,2614402,2017,19023239.19
163,Solidão,2614402,2018,21973130.67
163,Solidão,2614402,2019,23459595.17
163,Solidão,2614402,2020,26583049.23
163,Solidão,2614402,2021,33969247.14
163,Solidão,2614402,2022,43340265.92
163,Solidão,2614402,2023,43344168.88
163,Solidão,2614402,2024,58395986.12
164,Surubim,2614501,2012,67583113.74
164,Surubim,2614501,2013,12083236.29
164,Surubim,2614501,2014,80946358.03
164,Surubim,2614501,2015,90779449.48
164,Surubim,2614501,2016,97968612.47
164,Surubim,2614501,2017,107603968.62
164,Surubim,2614501,2018,112168364.21
164,Surubim,2614501,2019,115044408.36
164,Surubim,2614501,2020,132109728.27
164,Surubim,2614501,2021,139106217.97
164,Surubim,2614501,2022,180057758.76
164,Surubim,2614501,2023,217956560.27
164,Surubim,2614501,2024,233980423.53
165,Tabira,2614600,2012,29793460.2
165,Tabira,2614600,2013,25488551.32
165,Tabira,2614600,2014,36285881.21
165,Tabira,2614600,2015,42001721.64
165,Tabira,2614600,2016,49093612.02
165,Tabira,2614600,2017,53256371.84
165,Tabira,2614600,2018,53777252.7
165,Tabira,2614600,2019,55766157.08
165,Tabira,2614600,2020,61234551.02
165,Tabira,2614600,2021,75493569.03
165,Tabira,2614600,2022,90450305.78
165,Tabira,2614600,2023,101775375.16
165,Tabira,2614600,2024,120485148.71
166,Tacaimbó,2614709,2012,5088887.17
166,Tacaimbó,2614709,2013,5989008.08
166,Tacaimbó,2614709,2014,22873404.24
166,Tacaimbó,2614709,2015,23412245.78
166,Tacaimbó,2614709,2016,21612907.31
166,Tacaimbó,2614709,2017,25822945.91
166,Tacaimbó,2614709,2018,27628085.31
166,Tacaimbó,2614709,2019,28272512.83
166,Tacaimbó,2614709,2020,31892220.09
166,Tacaimbó,2614709,2021,37185316.47
166,Tacaimbó,2614709,2022,43544483.62
166,Tacaimbó,2614709,2023,57169474.09
166,Tacaimbó,2614709,2024,76813559.8
167,Tacaratu,2614808,2012,20754297.13
167,Tacaratu,2614808,2013,9048101.84
167,Tacaratu,2614808,2014,43916791.11
167,Tacaratu,2614808,2015,40701247.37
167,Tacaratu,2614808,2016,38896902.3
167,Tacaratu,2614808,2017,55934113.79
167,Tacaratu,2614808,2018,51838795.91
167,Tacaratu,2614808,2019,56900837.95
167,Tacaratu,2614808,2020,60244863.25
167,Tacaratu,2614808,2021,64250801.4
167,Tacaratu,2614808,2022,90928257.43
167,Tacaratu,2614808,2023,97344981.59
167,Tacaratu,2614808,2024,104988298.3
168,Tamandaré,2614857,2012,42954350.46
168,Tamandaré,2614857,2013,45426832.02
168,Tamandaré,2614857,2014,51557345.15
168,Tamandaré,2614857,2015,49459308.1
168,Tamandaré,2614857,2016,56094185.74
168,Tamandaré,2614857,2017,61914080.28
168,Tamandaré,2614857,2018,63980641.5
168,Tamandaré,2614857,2019,67182402.1
168,Tamandaré,2614857,2020,75323146.5
168,Tamandaré,2614857,2021,86147838.7
168,Tamandaré,2614857,2022,109502622.59
168,Tamandaré,2614857,2023,131950110.65
168,Tamandaré,2614857,2024,138494213.99
169,Taquaritinga do Norte,2615003,2012,35173959.55
169,Taquaritinga do Norte,2615003,2013,39245711.73
169,Taquaritinga do Norte,2615003,2014,40571989.93
169,Taquaritinga do Norte,2615003,2015,39778530.04
169,Taquaritinga do Norte,2615003,2016,41440065.52
169,Taquaritinga do Norte,2615003,2017,43587425.57
169,Taquaritinga do Norte,2615003,2018,48505987.54
169,Taquaritinga do Norte,2615003,2019,51191934.63
169,Taquaritinga do Norte,2615003,2020,57568204.75
169,Taquaritinga do Norte,2615003,2021,67746324.3
169,Taquaritinga do Norte,2615003,2022,39766230.37
169,Taquaritinga do Norte,2615003,2023,94964998.33
169,Taquaritinga do Norte,2615003,2024,105009907.48
170,Terezinha,2615102,2012,15144190.71
170,Terezinha,2615102,2013,16300281.38
170,Terezinha,2615102,2014,18433304.07
170,Terezinha,2615102,2015,17536061.05
170,Terezinha,2615102,2016,17127815.89
170,Terezinha,2615102,2017,13167579.69
170,Terezinha,2615102,2018,24721564.01
170,Terezinha,2615102,2019,27723110.51
170,Terezinha,2615102,2020,25399173.82
170,Terezinha,2615102,2021,30935674.32
170,Terezinha,2615102,2022,39536423.98
170,Terezinha,2615102,2023,44780613.44
170,Terezinha,2615102,2024,59332144.91
171,Terra Nova,2615201,2012,17789413.13
171,Terra Nova,2615201,2013,12123130.39
171,Terra Nova,2615201,2014,18978136.24
171,Terra Nova,2615201,2015,18290865.5
171,Terra Nova,2615201,2016,21098011.35
171,Terra Nova,2615201,2017,23639551.8
171,Terra Nova,2615201,2018,28092518.2
171,Terra Nova,2615201,2019,30212386.98
171,Terra Nova,2615201,2020,29685944.23
171,Terra Nova,2615201,2021,37126815.4
171,Terra Nova,2615201,2022,47657348.34
171,Terra Nova,2615201,2023,48929258.1
171,Terra Nova,2615201,2024,64661411.18
172,Timbaúba,2615300,2012,81583411.83
172,Timbaúba,2615300,2013,83503336.93
172,Timbaúba,2615300,2014,92997152.67
172,Timbaúba,2615300,2015,103759707.54
172,Timbaúba,2615300,2016,85182402.56
172,Timbaúba,2615300,2017,103930791.51
172,Timbaúba,2615300,2018,108392970.4
172,Timbaúba,2615300,2019,112612234.27
172,Timbaúba,2615300,2020,124119400.21
172,Timbaúba,2615300,2021,158586640.1
172,Timbaúba,2615300,2022,218855680.94
172,Timbaúba,2615300,2023,205601945.47
172,Timbaúba,2615300,2024,238502000.05
173,Toritama,2615409,2012,19161221.18
173,Toritama,2615409,2013,48057855.31
173,Toritama,2615409,2014,61193775.97
173,Toritama,2615409,2015,63754576.2
173,Toritama,2615409,2016,37627785.48
173,Toritama,2615409,2017,76575402.81
173,Toritama,2615409,2018,87851586.44
173,Toritama,2615409,2019,92169910.06
173,Toritama,2615409,2020,98574889.67
173,Toritama,2615409,2021,119929450.8
173,Toritama,2615409,2022,152761430.71
173,Toritama,2615409,2023,168789070.09
173,Toritama,2615409,2024,188015424.66
174,Tracunhaém,2615508,2012,16829870.82
174,Tracunhaém,2615508,2013,18693876.14
174,Tracunhaém,2615508,2014,21352796.5
174,Tracunhaém,2615508,2015,23203451.14
174,Tracunhaém,2615508,2016,25552333.82
174,Tracunhaém,2615508,2017,26796472.73
174,Tracunhaém,2615508,2018,32339910.89
174,Tracunhaém,2615508,2019,32185540.47
174,Tracunhaém,2615508,2020,40352511.97
174,Tracunhaém,2615508,2021,42675418.11
174,Tracunhaém,2615508,2022,58887235.42
174,Tracunhaém,2615508,2023,63600164.12
174,Tracunhaém,2615508,2024,69242925.89
175,Trindade,2615607,2012,3014582.5
175,Trindade,2615607,2013,36977819.03
175,Trindade,2615607,2014,44319768.85
175,Trindade,2615607,2015,63737722.52
175,Trindade,2615607,2016,67699038.89
175,Trindade,2615607,2017,71617395.5
175,Trindade,2615607,2018,72592711.33
175,Trindade,2615607,2019,77006000.77
175,Trindade,2615607,2020,76763133.98
175,Trindade,2615607,2021,84341681.37
175,Trindade,2615607,2022,139695404.89
175,Trindade,2615607,2023,131783545.25
175,Trindade,2615607,2024,141840218.57
176,Triunfo,2615706,2012,25421446.41
176,Triunfo,2615706,2013,26285442.78
176,Triunfo,2615706,2014,28313949.41
176,Triunfo,2615706,2015,33129622.11
176,Triunfo,2615706,2016,32453989.78
176,Triunfo,2615706,2017,42275327.69
176,Triunfo,2615706,2018,44565714.81
176,Triunfo,2615706,2019,53613369.77
176,Triunfo,2615706,2020,53558855.88
176,Triunfo,2615706,2021,53921101.51
176,Triunfo,2615706,2022,71366953.84
176,Triunfo,2615706,2023,77897197.31
176,Triunfo,2615706,2024,69137529.15
177,Tupanatinga,2615805,2012,47760288.41
177,Tupanatinga,2615805,2013,47457378.23
177,Tupanatinga,2615805,2014,49061688.8
177,Tupanatinga,2615805,2015,49661651.81
177,Tupanatinga,2615805,2016,52715838.08
177,Tupanatinga,2615805,2017,49845730.2
177,Tupanatinga,2615805,2018,59847361.76
177,Tupanatinga,2615805,2019,61277181.01
177,Tupanatinga,2615805,2020,46217461.75
177,Tupanatinga,2615805,2021,83766778.74
177,Tupanatinga,2615805,2022,97270438.99
177,Tupanatinga,2615805,2023,103386176.02
177,Tupanatinga,2615805,2024,136688822.94
178,Tuparetama,2615904,2012,16237294.55
178,Tuparetama,2615904,2013,17058563
178,Tuparetama,2615904,2014,19251689.22
178,Tuparetama,2615904,2015,19734789.53
178,Tuparetama,2615904,2016,21670318.11
178,Tuparetama,2615904,2017,23623294.13
178,Tuparetama,2615904,2018,30103813.13
178,Tuparetama,2615904,2019,31867847.86
178,Tuparetama,2615904,2020,30601524.37
178,Tuparetama,2615904,2021,34449691.99
178,Tuparetama,2615904,2022,44107409.4
178,Tuparetama,2615904,2023,47677743.93
178,Tuparetama,2615904,2024,61144944.06
179,Venturosa,2616001,2012,7599803.52
179,Venturosa,2616001,2013,4108546.87
179,Venturosa,2616001,2014,35440494.15
179,Venturosa,2616001,2015,36286771.39
179,Venturosa,2616001,2016,40509749.59
179,Venturosa,2616001,2017,40932485.26
179,Venturosa,2616001,2018,45547559.03
179,Venturosa,2616001,2019,47631789.31
179,Venturosa,2616001,2020,52224438.73
179,Venturosa,2616001,2021,59280055.81
179,Venturosa,2616001,2022,76063553.45
179,Venturosa,2616001,2023,83005264.07
179,Venturosa,2616001,2024,100828002.18
180,Verdejante,2616100,2012,19697181.62
180,Verdejante,2616100,2013,19025987.45
180,Verdejante,2616100,2014,14700762.43
180,Verdejante,2616100,2015,22220445.69
180,Verdejante,2616100,2016,15691688.48
180,Verdejante,2616100,2017,27304163.24
180,Verdejante,2616100,2018,29447583.64
180,Verdejante,2616100,2019,27913913.27
180,Verdejante,2616100,2020,39390833.53
180,Verdejante,2616100,2021,42381574.69
180,Verdejante,2616100,2022,39781897.78
180,Verdejante,2616100,2023,54172416.56
180,Verdejante,2616100,2024,42108258.35
181,Vertente do Lério,2616183,2012,13527294.23
181,Vertente do Lério,2616183,2013,16414255.62
181,Vertente do Lério,2616183,2014,18225488.93
181,Vertente do Lério,2616183,2015,19219710.06
181,Vertente do Lério,2616183,2016,18414119.12
181,Vertente do Lério,2616183,2017,21287288.88
181,Vertente do Lério,2616183,2018,21848970.57
181,Vertente do Lério,2616183,2019,25874483.12
181,Vertente do Lério,2616183,2020,27688045.38
181,Vertente do Lério,2616183,2021,29671794.37
181,Vertente do Lério,2616183,2022,39493129.41
181,Vertente do Lério,2616183,2023,48503070.03
181,Vertente do Lério,2616183,2024,70713713.95
182,Vertentes,2616209,2012,11205539.91
182,Vertentes,2616209,2013,6795185.27
182,Vertentes,2616209,2014,32837556.81
182,Vertentes,2616209,2015,33246631.77
182,Vertentes,2616209,2016,39802382.81
182,Vertentes,2616209,2017,38326182.08
182,Vertentes,2616209,2018,45379197.8
182,Vertentes,2616209,2019,48816842.53
182,Vertentes,2616209,2020,51911186.2
182,Vertentes,2616209,2021,59126550.81
182,Vertentes,2616209,2022,76424803.86
182,Vertentes,2616209,2023,84767570.71
182,Vertentes,2616209,2024,103129225.92
183,Vicência,2616308,2012,45429956.55
183,Vicência,2616308,2013,46859543.21
183,Vicência,2616308,2014,52604644.24
183,Vicência,2616308,2015,56151287.9
183,Vicência,2616308,2016,68735348.2
183,Vicência,2616308,2017,69472337.79
183,Vicência,2616308,2018,65110365.56
183,Vicência,2616308,2019,83050783.54
183,Vicência,2616308,2020,90695649.2
183,Vicência,2616308,2021,96630972.04
183,Vicência,2616308,2022,123580837.32
183,Vicência,2616308,2023,125211405.53
183,Vicência,2616308,2024,146482186.09
184,Vitória de Santo Antão,2616407,2012,73913756.05
184,Vitória de Santo Antão,2616407,2013,35792741.8
184,Vitória de Santo Antão,2616407,2014,222739255.38
184,Vitória de Santo Antão,2616407,2015,231521075.56
184,Vitória de Santo Antão,2616407,2016,236683994.05
184,Vitória de Santo Antão,2616407,2017,240096678.99
184,Vitória de Santo Antão,2616407,2018,275305858.68
184,Vitória de Santo Antão,2616407,2019,284138267.46
184,Vitória de Santo Antão,2616407,2020,320288197.41
184,Vitória de Santo Antão,2616407,2021,326542239.08
184,Vitória de Santo Antão,2616407,2022,446861208.49
184,Vitória de Santo Antão,2616407,2023,556487269.9
184,Vitória de Santo Antão,2616407,2024,692501786.63
185,Xexéu,2616506,2012,23912464.85
185,Xexéu,2616506,2013,28198441.2
185,Xexéu,2616506,2014,46745375.64
185,Xexéu,2616506,2015,33046929.45
185,Xexéu,2616506,2016,37350346.95
185,Xexéu,2616506,2017,38333288.99
185,Xexéu,2616506,2018,41187815.02
185,Xexéu,2616506,2019,41915656.69
185,Xexéu,2616506,2020,54730247.95
185,Xexéu,2616506,2021,49519984.36
185,Xexéu,2616506,2022,62976053.75
185,Xexéu,2616506,2023,73138976.24
185,Xexéu,2616506,2024,79372994.99
